-0.014968896,2.604464296,,0.045101089,-29.82789462,,-0.014,2.604464296,,0.045,-29.82789462,26.56105706,,56.38895168,,362.1214103
0.045101089,32.55098135,,0.02507776,-33.32266387,,0.045,32.55098135,,0.025,-33.32266387,26.56105706,,59.88372093,,
0.02507776,29.55524311,,0.091822188,-25.99836844,,0.025,29.55524311,,0.091,-25.99836844,26.56105706,,52.5594255,,
0.02507776,26.56105706,,0.165241058,-26.32536439,,0.025,26.56105706,,0.165,-26.32536439,30.5610661,,56.88643049,,
0.125194401,30.5610661,,0.252008813,-23.98982684,,0.125,30.5610661,,0.252,-23.98982684,26.57347463,,50.56330147,,
0.205287714,30.56727489,,0.325427683,-21.32263674,,0.205,30.56727489,,0.325,-21.32263674,31.57154569,,52.89418243,,
0.185264386,26.57347463,,0.412195438,-19.98516121,,0.185,26.57347463,,0.412,-19.98516121,31.07872346,,51.06388467,,
0.285381026,31.57154569,,0.485614308,-16.81894011,,0.285,31.57154569,,0.485,-16.81894011,28.58822501,,45.40716512,,
0.365474339,31.07872346,,0.565707621,-14.31757628,,0.365,31.07872346,,0.565,-14.31757628,31.09114103,,45.40871731,,
0.445567652,31.58396325,,0.545684292,-17.31331453,,0.445,31.58396325,,0.545,-17.31331453,31.09114103,,48.40445556,,
0.425544323,28.58822501,,0.645800933,-14.3113675,,0.425,28.58822501,,0.645,-14.3113675,31.09734981,,45.40871731,,
0.525660964,31.09114103,,0.685847589,-9.816984038,,0.525,31.09114103,,0.685,-9.816984038,32.60065162,,42.41763566,,
0.605754277,31.09734981,,0.725894246,-7.318724607,,0.605,31.09734981,,0.725,-7.318724607,37.59251389,,44.9112385,,
0.685847589,32.60065162,,0.805987558,-8.310577839,,0.685,32.60065162,,0.805,-8.310577839,32.6068604,,40.91743824,,
0.705870918,37.59251389,,0.886080871,-7.306307039,,0.705,37.59251389,,0.886,-7.306307039,28.61926893,,35.92557597,,
0.765940902,32.6068604,,0.866057543,-9.303983266,,0.765,32.6068604,,0.866,-9.303983266,28.61926893,,37.9232522,,
0.846034215,32.11403818,,0.966174184,-6.30203624,,0.846,32.11403818,,0.966,-6.30203624,28.62547771,,34.92751395,,
0.826010886,28.61926893,,0.946150855,-9.297774483,,0.826,28.61926893,,0.946,-9.297774483,28.62547771,,37.9232522,,
0.93280197,31.95442069,,1.046267496,-5.796796448,,0.932,31.95442069,,1.046,-5.796796448,30.13033172,,35.92712817,,
0.906104199,28.62547771,,1.086314152,-3.298537018,,0.906,28.62547771,,1.086,-3.298537018,28.63944748,,31.9379845,,
1.00622084,30.13033172,,1.126360809,-6.78864968,,1.006,30.13033172,,1.126,-6.78864968,26.64177125,,33.43042093,,
1.086314152,28.63944748,,1.246500778,-1.289995419,,1.086,28.63944748,,1.246,-1.289995419,27.65380303,,28.94379845,,
1.066290824,26.64177125,,1.226477449,-5.283795677,,1.066,26.64177125,,1.226,-5.283795677,24.651856,,29.93565168,,
1.173081908,27.64811165,,1.32659409,-1.283786635,,1.173,27.64811165,,1.326,-1.283786635,26.16291879,,27.44670543,,
1.146384137,24.651856,,1.306570762,-3.281462862,,1.146,24.651856,,1.306,-3.281462862,29.65458365,,32.93604651,,
1.246500778,27.65380303,,1.406687403,-0.279515835,,1.246,27.65380303,,1.406,-0.279515835,25.67009657,,25.9496124,,
1.306570762,29.65458365,,1.426710731,-3.272149686,,1.306,29.65458365,,1.426,-3.272149686,22.67746272,,25.9496124,,
1.32659409,26.16291879,,1.486780715,-1.271369067,,1.326,26.16291879,,1.486,-1.271369067,25.67630535,,26.94767442,,
1.406687403,25.67009657,,1.5468507,-2.264774495,,1.406,25.67009657,,1.546,-2.264774495,21.68716168,,23.95193618,,
1.426710731,22.67746272,,1.646967341,-0.260889484,,1.426,22.67746272,,1.646,-0.260889484,22.68988029,,22.95076977,,
1.486780715,25.67630535,,1.707037325,19.70500741,,1.486,25.67630535,,1.707,19.70500741,29.68562757,,9.980620155,,
1.526827372,21.68716168,,1.707037325,15.71275935,,1.526,21.68716168,,1.707,15.71275935,29.68562757,,13.97286822,,
1.606920684,24.68755651,,1.707037325,11.72051129,,1.606,24.68755651,,1.707,11.72051129,29.68562757,,17.96511628,,
1.586897356,22.68988029,,1.707037325,7.728263228,,1.586,22.68988029,,1.707,7.728263228,29.68562757,,21.95736434,,
1.69368844,24.02890802,,1.707037325,3.736015166,,1.693,24.02890802,,1.707,3.736015166,29.68562757,,25.9496124,,
1.727060653,252.2550092,,1.707037325,0.74182912,,1.727,252.2550092,,1.707,0.74182912,29.68562757,,28.94379845,,
1.727060653,248.2627612,,1.747083981,225.308887,,1.727,248.2627612,,1.747,225.308887,29.68562757,,195.6232594,,
1.727060653,244.2705131,,1.747083981,221.3166389,,1.727,244.2705131,,1.747,221.3166389,29.68562757,,191.6310114,,
1.727060653,240.278265,,1.747083981,218.3224529,,1.727,240.278265,,1.747,218.3224529,29.68562757,,188.6368253,,
1.727060653,236.286017,,1.787130638,208.3449371,,1.727,236.286017,,1.787,208.3449371,215.3313712,,6.986434109,,
1.727060653,232.2937689,,1.86722395,195.3763397,,1.727,232.2937689,,1.867,195.3763397,183.3995955,,11.97674419,,
1.727060653,228.8005519,,1.907270607,187.394948,,1.727,228.8005519,,1.907,187.394948,169.4298317,,17.96511628,,
1.707037325,225.3057826,,1.907270607,183.4026999,,1.707,225.3057826,,1.907,183.4026999,169.4298317,,13.97286822,,
1.707037325,221.3135345,,1.907270607,180.4085139,,1.707,221.3135345,,1.907,180.4085139,169.4298317,,10.97868217,,
1.707037325,217.3212865,,1.947317263,175.4213082,,1.707,217.3212865,,1.947,175.4213082,159.4523159,,15.96899225,,
1.707037325,213.3290384,,1.967340591,170.4325503,,1.707,213.3290384,,1.967,170.4325503,154.4635581,,15.96899225,,
1.707037325,209.3367904,,2.007387247,164.4472826,,1.707,209.3367904,,2.007,164.4472826,141.9908873,,22.45639535,,
1.707037325,205.3445423,,2.027410575,159.4585247,,1.707,205.3445423,,2.027,159.4585247,137.5011604,,21.95736434,,
1.707037325,201.3522942,,2.047433904,155.9668599,,1.707,201.3522942,,2.047,155.9668599,132.5124025,,23.45445736,,
1.707037325,197.3600462,,2.08748056,151.9777162,,1.707,197.3600462,,2.087,151.9777162,122.5348867,,29.44282946,,
1.707037325,193.3677981,,2.127527216,146.4914795,,1.707,193.3677981,,2.127,146.4914795,110.0622159,,36.42926357,,
1.707037325,189.3755501,,2.167573872,140.5062118,,1.707,189.3755501,,2.167,140.5062118,105.5740413,,34.93217054,,
1.707037325,185.383302,,2.207620529,134.5209441,,1.707,185.383302,,2.207,134.5209441,94.09943247,,40.42151163,,
1.707037325,181.3910539,,2.267690513,131.5314146,,1.707,181.3910539,,2.267,131.5314146,88.61319578,,42.91821886,,
1.707037325,177.3988059,,2.287713841,126.5426568,,1.707,177.3988059,,2.287,126.5426568,82.62792807,,43.91472868,,
1.707037325,173.4065578,,2.347783826,125.5492513,,1.707,173.4065578,,2.347,125.5492513,76.64266037,,48.90659096,,
1.707037325,169.4143097,,2.347783826,121.5570033,,1.707,169.4143097,,2.347,121.5570033,76.64266037,,44.91434289,,
1.707037325,165.4220617,,2.367807154,118.0653384,,1.707,165.4220617,,2.367,118.0653384,70.65739267,,47.40794574,,
1.707037325,161.4298136,,2.40785381,115.0742568,,1.707,161.4298136,,2.407,115.0742568,64.67212497,,50.40213178,,
1.707037325,157.4375656,,2.447900467,110.5860821,,1.707,157.4375656,,2.447,110.5860821,56.19170223,,54.39437984,,
1.707037325,153.4453175,,2.527993779,106.6000428,,1.707,153.4453175,,2.527,106.6000428,49.21147691,,57.38856589,,
1.707037325,149.4530694,,2.568040435,100.6147751,,1.707,149.4530694,,2.568,100.6147751,42.22814719,,58.38662791,,
1.707037325,145.4608214,,2.608087092,96.12660042,,1.707,145.4608214,,2.608,96.12660042,36.7419105,,59.38468992,,
1.707037325,141.4685733,,2.654808191,92.30431782,,1.707,141.4685733,,2.654,92.30431782,36.7419105,,55.56240732,,
1.707037325,137.4763252,,2.708203733,89.6469583,,1.707,137.4763252,,2.708,89.6469583,29.76168517,,59.88527313,,
1.707037325,133.4840772,,2.728227061,86.15529344,,1.707,133.4840772,,2.728,86.15529344,24.77447949,,61.38081395,,
1.707037325,129.4918291,,2.768273717,82.66518078,,1.707,129.4918291,,2.768,82.66518078,24.77447949,,57.89070129,,
1.707037325,125.4995811,,2.788297045,85.66091902,,1.707,125.4995811,,2.788,85.66091902,20.45316588,,65.20775314,,
1.707037325,121.507333,,2.828343701,81.67177535,,1.707,121.507333,,2.828,81.67177535,20.45316588,,61.21860947,,
1.707037325,117.5150849,,2.84836703,78.18011049,,1.707,117.5150849,,2.848,78.18011049,16.79929654,,61.38081395,,
1.707037325,113.5228369,,2.888413686,75.18902884,,1.707,113.5228369,,2.888,75.18902884,14.80162031,,60.38740853,,
1.707037325,109.5305888,,2.968506998,72.70008258,,1.707,109.5305888,,2.968,72.70008258,6.328958552,,66.37112403,,
1.707037325,105.5383407,,3.008553655,67.7128769,,1.707,105.5383407,,3.008,67.7128769,6.328958552,,61.38391835,,
1.707037325,101.5460927,,3.048600311,62.72567121,,1.707,101.5460927,,3.048,62.72567121,0.84582625,,61.87984496,,
1.707037325,97.55384462,,3.128693624,62.23284899,,1.707,97.55384462,,3.128,62.23284899,-3.140213028,,65.37306202,,
1.707037325,93.56159656,,3.16874028,57.74467431,,1.707,93.56159656,,3.168,57.74467431,-3.140213028,,60.88488734,,
1.707037325,89.5693485,,3.208786936,54.75359266,,1.707,89.5693485,,3.208,54.75359266,-7.625283313,,62.37887597,,
1.707037325,85.57710044,,3.228810264,57.7493309,,1.707,85.57710044,,3.228,57.7493309,-7.625283313,,65.37461421,,
1.707037325,81.58485238,,3.268856921,53.76018723,,1.707,81.58485238,,3.268,53.76018723,-11.44756592,,65.20775314,,
1.707037325,77.59260431,,3.288880249,50.26852237,,1.707,77.59260431,,3.288,50.26852237,-11.44756592,,61.71608829,,
1.707037325,73.60035625,,3.368973561,47.77957611,,1.707,73.60035625,,3.368,47.77957611,-13.10531122,,60.88488734,,
1.707037325,69.60810819,,3.409020218,43.79043244,,1.707,69.60810819,,3.409,43.79043244,-15.09522647,,58.88565891,,
1.707037325,65.61586013,,3.48911353,40.80245518,,1.707,65.61586013,,3.489,40.80245518,-20.07932776,,60.88178295,,
1.707037325,61.62361207,,3.569206843,37.81447792,,1.707,61.62361207,,3.569,37.81447792,-21.071181,,58.88565891,,
1.707037325,57.631364,,3.569206843,34.82029187,,1.707,57.631364,,3.569,34.82029187,-21.071181,,55.89147287,,
1.707037325,53.63911594,,3.649300156,32.83037663,,1.707,53.63911594,,3.649,32.83037663,-23.06109624,,55.89147287,,
1.707037325,49.64686788,,3.729393468,31.83852339,,1.707,49.64686788,,3.729,31.83852339,-24.55198048,,56.39050388,,
1.707037325,45.65461982,,3.769440124,27.84937972,,1.707,45.65461982,,3.769,27.84937972,-24.55198048,,52.40136021,,
1.707037325,41.66237176,,3.849533437,25.85946448,,1.707,41.66237176,,3.849,25.85946448,-29.03705077,,54.89651524,,
1.707037325,37.67012369,,3.92962675,23.86954923,,1.707,37.67012369,,3.929,23.86954923,-29.03239418,,52.90194341,,
1.707037325,33.67787563,,3.969673406,20.87846758,,1.707,33.67787563,,3.969,20.87846758,-29.03239418,,49.91086176,,
1.707037325,29.68562757,,4.049766719,17.89049031,,1.707,29.68562757,,4.049,17.89049031,-28.0203624,,45.91085271,,
1.787130638,227.3081154,,4.109836703,17.8951469,,1.787,227.3081154,,4.109,17.8951469,-28.0203624,,45.9155093,,
1.787130638,223.3158674,,4.129860031,14.40348204,,1.787,223.3158674,,4.129,14.40348204,-29.01221563,,43.41569767,,
1.787130638,219.3236193,,4.209953344,13.91065982,,1.787,219.3236193,,4.209,13.91065982,-32.50232829,,46.41298811,,
1.787130638,215.3313712,,4.189930016,10.91492158,,1.787,215.3313712,,4.189,10.91492158,-32.50232829,,43.41724987,,
1.807153966,210.3426134,,4.290046656,11.92074457,,1.807,210.3426134,,4.29,11.92074457,-30.00096447,,41.92170904,,
1.827177294,205.3538555,,4.376814412,10.26403406,,1.827,205.3538555,,4.376,10.26403406,-29.99475569,,40.25878975,,
1.827177294,201.3616074,,4.450233281,8.439945085,,1.827,201.3616074,,4.45,8.439945085,-29.9885469,,38.42849199,,
1.827177294,197.3693593,,4.537001037,10.27645163,,1.827,197.3693593,,4.537,10.27645163,-25.48795466,,35.76440629,,
1.847200622,192.3806015,,4.510303266,6.94750865,,1.847,192.3806015,,4.51,6.94750865,-28.9842761,,35.93178475,,
1.86722395,187.3918436,,4.610419907,7.953331646,,1.867,187.3918436,,4.61,7.953331646,-26.98039109,,34.93372274,,
1.86722395,183.3995955,,4.690513219,5.963416398,,1.867,183.3995955,,4.69,5.963416398,-28.96875414,,34.93217054,,
1.887247278,178.4108376,,4.770606532,4.472532159,,1.887,178.4108376,,4.77,4.472532159,-26.96797353,,31.44050568,,
1.907270607,173.4220798,,4.850699844,3.979709935,,1.907,173.4220798,,4.85,3.979709935,-26.96797353,,30.94768346,,
1.907270607,169.4298317,,4.930793157,1.989794688,,1.907,169.4298317,,4.93,1.989794688,-25.45691074,,27.44670543,,
1.927293935,164.4410738,,5.01088647,-0.000120559,,1.927,164.4410738,,5.01,-0.000120559,-25.94973296,,25.9496124,,
1.947317263,159.4523159,,5.090979782,-0.99197379,,1.947,159.4523159,,5.09,-0.99197379,-26.44255519,,25.4505814,,
1.967340591,154.4635581,,5.151049767,0.010744813,,1.967,154.4635581,,5.151,0.010744813,-26.44255519,,26.4533,,
1.987363919,149.4748002,,5.251166407,-2.975680254,,1.987,149.4748002,,5.251,-2.975680254,-21.93885855,,18.96317829,,
1.987363919,145.4825521,,5.33125972,-1.971409454,,1.987,145.4825521,,5.331,-1.971409454,-21.93885855,,19.96744909,,
2.007387247,141.9908873,,5.311236392,-4.967147697,,2.007,141.9908873,,5.311,-4.967147697,-21.93885855,,16.97171085,,
2.027410575,137.5011604,,5.411353033,-4.460355709,,2.027,137.5011604,,5.411,-4.460355709,-20.92837896,,16.46802326,,
2.047433904,132.5124025,,5.391329705,-6.957062944,,2.047,132.5124025,,5.391,-6.957062944,-21.59944503,,14.64238208,,
2.067457232,127.5236446,,5.471423017,-1.960544082,,2.067,127.5236446,,5.471,-1.960544082,-251.476048,,249.5155039,,
2.08748056,122.5348867,,5.471423017,-5.952792144,,2.087,122.5348867,,5.471,-5.952792144,-251.476048,,245.5232558,,
2.107503888,117.5461289,,5.471423017,-9.945040206,,2.107,117.5461289,,5.471,-9.945040206,-251.476048,,241.5310078,,
2.107503888,113.5538808,,5.471423017,-13.93728827,,2.107,113.5538808,,5.471,-13.93728827,-251.476048,,237.5387597,,
2.127527216,110.0622159,,5.471423017,-16.93147431,,2.127,110.0622159,,5.471,-16.93147431,-251.476048,,234.5445736,,
2.167573872,105.5740413,,5.511469673,-254.4671296,,2.167,105.5740413,,5.511,-254.4671296,-296.3857343,,41.91860465,,
2.187597201,101.5833454,,5.591562986,-231.5054945,,2.187,101.5833454,,5.591,-231.5054945,-225.5171224,,5.988372093,,
2.187597201,97.59109733,,5.631609642,-207.5489017,,2.187,97.59109733,,5.631,-207.5489017,-201.5605296,,5.988372093,,
2.207620529,94.09943247,,5.631609642,-211.5411498,,2.207,94.09943247,,5.631,-211.5411498,-201.5605296,,9.980620155,,
2.247667185,88.61319578,,5.631609642,-215.5333978,,2.247,88.61319578,,5.631,-215.5333978,-201.5605296,,13.97286822,,
2.287713841,82.62792807,,5.691679627,-190.5771909,,2.287,82.62792807,,5.691,-190.5771909,-179.6000609,,10.97712997,,
2.327760498,76.64266037,,5.671656299,-195.5690531,,2.327,76.64266037,,5.671,-195.5690531,-179.6000609,,15.96899225,,
2.367807154,70.65739267,,5.671656299,-199.5613012,,2.367,70.65739267,,5.671,-199.5613012,-179.6000609,,19.96124031,,
2.40785381,64.67212497,,5.731726283,-181.0924973,,2.407,64.67212497,,5.731,-181.0924973,-163.6279642,,17.46453308,,
2.427877138,59.68336709,,5.711702955,-185.5853286,,2.427,59.68336709,,5.711,-185.5853286,-163.6279642,,21.95736434,,
2.447900467,56.19170223,,5.771772939,-169.1126487,,2.447,56.19170223,,5.771,-169.1126487,-147.6558676,,21.45678114,,
2.487947123,52.20255856,,5.751749611,-173.60548,,2.487,52.20255856,,5.751,-173.60548,-147.6558676,,25.9496124,,
2.527993779,49.21147691,,5.751749611,-177.5977281,,2.527,49.21147691,,5.751,-177.5977281,-147.6558676,,29.94186047,,
2.548017107,45.71981205,,5.818494038,-161.2908745,,2.548,45.71981205,,5.818,-161.2908745,-129.6876469,,31.60322756,,
2.568040435,42.22814719,,5.791796267,-165.6178795,,2.568,42.22814719,,5.791,-165.6178795,-147.6558676,,17.96201189,,
2.608087092,36.7419105,,5.858540695,-155.299398,,2.608,36.7419105,,5.858,-155.299398,-121.7000464,,33.59935159,,
2.668157076,33.75238104,,5.891912908,-149.1420953,,2.668,33.75238104,,5.891,-149.1420953,-109.7201978,,39.42189742,,
2.688180404,29.76168517,,5.931959565,-144.6477118,,2.688,29.76168517,,5.931,-144.6477118,-101.7325973,,42.91511447,,
2.728227061,24.77447949,,5.972006221,-138.6562353,,2.728,24.77447949,,5.972,-138.6562353,-91.74887277,,46.90736253,,
2.77494816,20.45316588,,6.012052877,-132.6647588,,2.774,20.45316588,,6.012,-132.6647588,-83.76127226,,48.90348656,,
2.84836703,16.79929654,,6.052099533,-127.6713444,,2.848,16.79929654,,6.052,-127.6713444,-73.27696451,,54.39437984,,
2.828343701,14.80162031,,6.09214619,-123.1769609,,2.828,14.80162031,,6.092,-123.1769609,-64.79033298,,58.38662791,,
2.908437014,13.80976708,,6.132192846,-119.1816084,,2.908,13.80976708,,6.132,-119.1816084,-58.7988565,,60.38275194,,
2.928460342,10.31810222,,6.172239502,-114.687225,,2.928,10.31810222,,6.172,-114.687225,-53.30641102,,61.38081395,,
2.968506998,6.328958552,,6.252332815,-107.1955511,,2.968,6.328958552,,6.252,-107.1955511,-43.31958208,,63.87596899,,
3.028576983,5.834584132,,6.232309487,-111.6883823,,3.028,5.834584132,,6.232,-111.6883823,-49.47688484,,62.2114975,,
3.048600311,0.84582625,,6.292379471,-103.2001986,,3.048,0.84582625,,6.292,-103.2001986,-38.82519862,,64.375,,
3.028576983,-1.151849976,,6.33910057,-99.37067244,,3.028,-1.151849976,,6.339,-99.37067244,-33.33275314,,66.03791929,,
3.128693624,-3.140213028,,6.41251944,-92.71123428,,3.128,-3.140213028,,6.412,-92.71123428,-28.83836968,,63.8728646,,
3.208786936,-7.625283313,,6.392496112,-96.70503454,,3.208,-7.625283313,,6.392,-96.70503454,-28.83836968,,67.86666486,,
3.255508035,-11.44756592,,6.492612753,-86.71665341,,3.255,-11.44756592,,6.492,-86.71665341,-26.83758906,,59.87906434,,
3.328926905,-13.10531122,,6.472589425,-90.71045366,,3.328,-13.10531122,,6.472,-90.71045366,-26.83758906,,63.8728646,,
3.409020218,-15.09522647,,6.572706065,-77.72788648,,3.409,-15.09522647,,6.572,-77.72788648,-17.84882214,,59.87906434,,
3.469090202,-16.0886319,,6.572706065,-81.22110354,,3.469,-16.0886319,,6.572,-81.22110354,-17.84882214,,63.3722814,,
3.48911353,-20.07932776,,6.552682737,-84.71587279,,3.489,-20.07932776,,6.552,-84.71587279,-17.84882214,,66.86705065,,
3.569206843,-21.071181,,6.652799378,-72.73136762,,3.569,-21.071181,,6.652,-72.73136762,-4.863150566,,67.86821705,,
3.649300156,-23.06109624,,6.63277605,-77.72322989,,3.649,-23.06109624,,6.632,-77.72322989,-9.859152029,,67.86407786,,
3.729393468,-24.55198048,,6.732892691,-68.73291077,,3.729,-24.55198048,,6.732,-68.73291077,0.130263903,,68.86317468,,
3.809486781,-26.04286472,,6.812986003,-63.73639191,,3.809,-26.04286472,,6.812,-63.73639191,6.127949172,,69.86434109,,
3.809486781,-29.03705077,,6.792962675,-66.73213016,,3.809,-29.03705077,,6.792,-66.73213016,2.131044522,,68.86317468,,
3.889580093,-27.03471795,,6.853032659,-59.74103946,,3.889,-27.03471795,,6.853,-59.74103946,3.135315322,,62.87635478,,
3.869556765,-29.03239418,,6.933125972,-57.23967564,,3.869,-29.03239418,,6.933,-57.23967564,7.130667776,,64.37034341,,
3.976347849,-27.36067911,,6.913102644,-60.73444489,,3.976,-27.36067911,,6.913,-60.73444489,7.130667776,,67.86511266,,
4.049766719,-28.0203624,,6.979847071,-53.41014945,,4.049,-28.0203624,,6.979,-53.41014945,12.62776984,,66.03791929,,
4.129860031,-29.01221563,,7.053265941,-51.24199037,,4.129,-29.01221563,,7.053,-51.24199037,17.12525769,,68.36724806,,
4.169906687,-32.50232829,,7.093312597,-47.74566892,,4.169,-32.50232829,,7.093,-47.74566892,17.12525769,,64.87092662,,
4.25,-30.00096447,,7.180080353,-43.41400734,,4.249,-30.00096447,,7.18,-43.41400734,22.45808569,,65.87209302,,
4.330093313,-29.99475569,,7.153382582,-47.74101233,,4.33,-29.99475569,,7.153,-47.74101233,19.12759051,,66.86860284,,
4.410186625,-29.9885469,,7.253499222,-41.24584825,,4.41,-29.9885469,,7.253,-41.24584825,21.13302772,,62.37887597,,
4.490279938,-28.9842761,,7.293545879,-37.74952681,,4.49,-28.9842761,,7.293,-37.74952681,21.13302772,,58.88255452,,
4.530326594,-25.48795466,,7.373639191,-35.74719399,,4.53,-25.48795466,,7.373,-35.74719399,28.128775,,63.87596899,,
4.610419907,-24.98271487,,7.453732504,-33.24583017,,4.61,-24.98271487,,7.453,-33.24583017,28.13498378,,61.38081395,,
4.590396579,-26.98039109,,7.540500259,-31.40932362,,4.59,-26.98039109,,7.54,-31.40932362,27.14157836,,58.55090198,,
4.690513219,-25.9745681,,7.620593572,-27.41086678,,4.69,-25.9745681,,7.62,-27.41086678,29.14391117,,56.55477795,,
4.690513219,-28.96875414,,7.700686884,-25.40853396,,4.69,-28.96875414,,7.7,-25.40853396,30.14973417,,55.55826813,,
4.770606532,-23.97223528,,7.774105754,-20.74521984,,4.77,-23.97223528,,7.774,-20.74521984,30.14973417,,50.89495401,,
4.750583204,-26.96797353,,7.754082426,-24.7390201,,4.75,-26.96797353,,7.754,-24.7390201,30.14973417,,54.88875426,,
4.857374287,-23.9655091,,7.854199067,-20.73901106,,4.857,-23.9655091,,7.854,-20.73901106,31.65924476,,52.39825581,,
4.930793157,-25.45691074,,7.894245723,-17.74172062,,4.93,-25.45691074,,7.894,-17.74172062,31.65924476,,49.40096538,,
4.970839813,-22.95865131,,7.981013478,-17.4023071,,4.97,-22.95865131,,7.981,-17.4023071,30.66739153,,48.06969862,,
5.01088647,-25.94973296,,7.954315708,-20.73125008,,5.01,-25.94973296,,7.954,-20.73125008,30.66739153,,51.3986416,,
5.090979782,-22.94933813,,8.054432348,-14.735117,,5.09,-22.94933813,,8.054,-14.735117,31.17263132,,45.90774832,,
5.090979782,-26.44255519,,8.134525661,-13.7308462,,5.09,-26.44255519,,8.134,-13.7308462,30.67980909,,44.4106553,,
5.171073095,-21.94506733,,8.114502333,-16.72658445,,5.171,-21.94506733,,8.114,-16.72658445,30.67980909,,47.40639354,,
5.211119751,-24.93614899,,8.174572317,-10.73355576,,5.211,-24.93614899,,8.174,-10.73355576,30.68601788,,41.41957364,,
5.251166407,-21.93885855,,8.25466563,-12.22444,,5.251,-21.93885855,,8.254,-12.22444,28.69610263,,40.92054264,,
5.337934163,-21.59944503,,8.334758942,-11.71920021,,5.337,-21.59944503,,8.334,-11.71920021,30.19940444,,41.91860465,,
5.411353033,-20.92837896,,8.374805599,-7.22481675,,5.411,-20.92837896,,8.374,-7.22481675,34.19475689,,41.41957364,,
5.471423017,-19.92566036,,8.461573354,-5.388310206,,5.471,-19.92566036,,8.461,-5.388310206,31.20522743,,36.59353764,,
5.471423017,-23.91790842,,8.434875583,-8.717253186,,5.471,-23.91790842,,8.434,-8.717253186,31.20522743,,39.92248062,,
5.471423017,-27.91015649,,8.534992224,-3.719182128,,5.471,-27.91015649,,8.534,-3.719182128,30.71395741,,34.43313953,,
5.471423017,-31.90240455,,8.615085537,-3.712973344,,5.471,-31.90240455,,8.615,-3.712973344,29.22307317,,32.93604651,,
5.471423017,-35.89465261,,8.661806636,-7.036224939,,5.471,-35.89465261,,8.661,-7.036224939,29.22307317,,36.25929811,,
5.471423017,-39.88690067,,8.735225505,-1.707536138,,5.471,-39.88690067,,8.735,-1.707536138,30.22734397,,31.9348801,,
5.471423017,-43.87914873,,8.735225505,-4.701722184,,5.471,-43.87914873,,8.735,-4.701722184,30.22734397,,34.92906615,,
5.471423017,-47.8713968,,8.855365474,-0.700160946,,5.471,-47.8713968,,8.855,-0.700160946,28.2436375,,28.94379845,,
5.471423017,-51.86364486,,8.94213323,-1.358809441,,5.471,-51.86364486,,8.942,-1.358809441,27.75081528,,29.10962472,,
5.471423017,-55.85589292,,9.0155521,0.310318637,,5.471,-55.85589292,,9.015,0.310318637,27.75081528,,27.44049664,,
5.471423017,-59.84814098,,9.095645412,-0.681534594,,5.471,-59.84814098,,9.095,-0.681534594,26.26613982,,26.94767442,,
5.471423017,-63.84038904,,9.155715397,0.321184009,,5.471,-63.84038904,,9.155,0.321184009,23.77408918,,23.45290517,,
5.471423017,-67.83263711,,9.235808709,20.2886331,,5.471,-67.83263711,,9.235,20.2886331,30.26925326,,9.980620155,,
5.471423017,-71.82488517,,9.235808709,16.29638504,,5.471,-71.82488517,,9.235,16.29638504,30.26925326,,13.97286822,,
5.471423017,-75.81713323,,9.235808709,12.30413698,,5.471,-75.81713323,,9.235,12.30413698,30.26925326,,17.96511628,,
5.471423017,-79.80938129,,9.235808709,8.311888917,,5.471,-79.80938129,,9.235,8.311888917,30.26925326,,21.95736434,,
5.471423017,-83.80162935,,9.235808709,4.319640855,,5.471,-83.80162935,,9.235,4.319640855,30.26925326,,25.9496124,,
5.471423017,-87.79387742,,9.235808709,0.327392793,,5.471,-87.79387742,,9.235,0.327392793,30.26925326,,29.94186047,,
5.471423017,-91.78612548,,9.275855365,96.14445067,,5.471,-91.78612548,,9.275,96.14445067,104.1289468,,7.984496124,,
5.471423017,-95.77837354,,9.275855365,92.15220261,,5.471,-95.77837354,,9.275,92.15220261,104.1289468,,11.97674419,,
5.471423017,-99.7706216,,9.275855365,88.15995455,,5.471,-99.7706216,,9.275,88.15995455,104.1289468,,15.96899225,,
5.471423017,-103.7628697,,9.275855365,84.16770649,,5.471,-103.7628697,,9.275,84.16770649,104.1289468,,19.96124031,,
5.471423017,-107.7551177,,9.275855365,80.17545843,,5.471,-107.7551177,,9.275,80.17545843,104.1289468,,23.95348837,,
5.471423017,-111.7473658,,9.315902022,209.9266248,,5.471,-111.7473658,,9.315,209.9266248,104.1289468,,105.797678,,
5.471423017,-115.7396138,,9.395995334,200.9502755,,5.471,-115.7396138,,9.395,200.9502755,185.9793452,,14.97093023,,
5.471423017,-119.7318619,,9.436041991,189.9746977,,5.471,-119.7318619,,9.436,189.9746977,170.0134574,,19.96124031,,
5.471423017,-123.72411,,9.436041991,185.9824496,,5.471,-123.72411,,9.436,185.9824496,170.0134574,,15.96899225,,
5.471423017,-127.716358,,9.476088647,179.9971819,,5.471,-127.716358,,9.476,179.9971819,158.0398176,,21.95736434,,
5.471423017,-131.7086061,,9.476088647,176.0049339,,5.471,-131.7086061,,9.476,176.0049339,158.0398176,,17.96511628,,
5.471423017,-135.7008542,,9.496111975,172.513269,,5.471,-135.7008542,,9.496,172.513269,154.5481527,,17.96511628,,
5.471423017,-139.6931022,,9.536158631,167.0270323,,5.471,-139.6931022,,9.536,167.0270323,145.069668,,21.95736434,,
5.471423017,-143.6853503,,9.55618196,162.0382744,,5.471,-143.6853503,,9.556,162.0382744,136.088662,,25.9496124,,
5.471423017,-147.6775983,,9.576205288,157.0495166,,5.471,-147.6775983,,9.576,157.0495166,131.0999042,,25.9496124,,
5.471423017,-151.6698464,,9.636275272,154.0599871,,5.471,-151.6698464,,9.636,154.0599871,118.1297545,,35.93023256,,
5.471423017,-155.6620945,,9.6562986,149.0712292,,5.471,-155.6620945,,9.656,149.0712292,114.6380897,,34.43313953,,
5.471423017,-159.6543425,,9.696345257,143.0859615,,5.471,-159.6543425,,9.696,143.0859615,106.656698,,36.42926357,,
5.471423017,-163.6465906,,9.736391913,137.1006938,,5.471,-163.6465906,,9.736,137.1006938,97.1782132,,39.92248062,,
5.471423017,-167.6388387,,9.776438569,132.6125191,,5.471,-167.6388387,,9.776,132.6125191,91.1929455,,41.41957364,,
5.471423017,-171.6310867,,9.816485226,127.6253135,,5.471,-171.6310867,,9.816,127.6253135,82.71252276,,44.9127907,,
5.471423017,-175.6233348,,9.87655521,126.132877,,5.471,-175.6233348,,9.876,126.132877,77.22628606,,48.90659096,,
5.471423017,-179.6155828,,9.87655521,122.140629,,5.471,-179.6155828,,9.876,122.140629,77.22628606,,44.91434289,,
5.471423017,-183.6078309,,9.896578538,118.6489641,,5.471,-183.6078309,,9.896,118.6489641,71.24101836,,47.40794574,,
5.471423017,-187.600079,,9.936625194,114.6598204,,5.471,-187.600079,,9.936,114.6598204,65.25575066,,49.40406977,,
5.471423017,-191.592327,,9.976671851,110.1716457,,5.471,-191.592327,,9.976,110.1716457,60.76757598,,49.40406977,,
5.471423017,-195.5845751,,10.01671851,107.6795951,,5.471,-195.5845751,,10.016,107.6795951,52.78618425,,54.89341085,,
5.471423017,-199.5768232,,10.05676516,104.1894824,,5.471,-199.5768232,,10.056,104.1894824,52.78618425,,51.40329819,,
5.471423017,-203.5690712,,10.09681182,101.6974318,,5.471,-203.5690712,,10.096,101.6974318,45.30692792,,56.39050388,,
5.471423017,-207.5613193,,10.13685848,98.20731913,,5.471,-207.5613193,,10.136,98.20731913,39.32166022,,58.88565891,,
5.471423017,-211.5535673,,10.17690513,94.71720647,,5.471,-211.5535673,,10.176,94.71720647,34.83348554,,59.88372093,,
5.471423017,-215.5458154,,10.21695179,91.72612481,,5.471,-215.5458154,,10.216,91.72612481,30.84434187,,60.88178295,,
5.471423017,-219.5380635,,10.25699844,87.23795014,,5.471,-219.5380635,,10.256,87.23795014,25.35810518,,61.87984496,,
5.471423017,-223.5303115,,10.33709176,83.25191086,,5.471,-223.5303115,,10.337,83.25191086,18.87691086,,64.375,,
5.471423017,-227.5225596,,10.33709176,80.25772481,,5.471,-227.5225596,,10.337,80.25772481,18.87691086,,61.38081395,,
5.471423017,-231.5148076,,10.41718507,77.26974755,,5.471,-231.5148076,,10.417,77.26974755,14.88776719,,62.38198036,,
5.471423017,-235.5070557,,10.45723173,72.78157287,,5.471,-235.5070557,,10.457,72.78157287,11.40075892,,61.38081395,,
5.471423017,-239.4993038,,10.51730171,72.28719845,,5.471,-239.4993038,,10.517,72.28719845,10.40735349,,61.87984496,,
5.471423017,-243.4915518,,10.53732504,68.79553359,,5.471,-243.4915518,,10.537,68.79553359,10.40735349,,58.3881801,,
5.471423017,-247.4837999,,10.61741835,66.80561835,,5.471,-247.4837999,,10.617,66.80561835,2.926544962,,63.87907338,,
5.471423017,-251.476048,,10.63744168,62.31589147,,5.471,-251.476048,,10.637,62.31589147,2.432170543,,59.88372093,,
5.491446345,-256.4648058,,10.65746501,58.82422661,,5.491,-256.4648058,,10.657,58.82422661,-1.059494316,,59.88372093,,
5.471423017,-258.4624821,,10.71753499,58.32985219,,5.471,-258.4624821,,10.717,58.32985219,-5.547151595,,63.87700379,,
5.511469673,-261.4535637,,10.73755832,55.33721834,,5.511,-261.4535637,,10.737,55.33721834,-5.547151595,,60.88436994,,
5.511469673,-265.4458118,,10.7976283,54.34381292,,5.511,-265.4458118,,10.797,54.34381292,-8.535646256,,62.87945917,,
5.511469673,-269.4380598,,10.81765163,50.85214806,,5.511,-269.4380598,,10.817,50.85214806,-8.535646256,,59.38779431,,
5.511469673,-273.4303079,,10.89774495,47.36513979,,5.511,-273.4303079,,10.897,47.36513979,-12.02265453,,59.38779431,,
5.511469673,-277.422556,,10.87772162,45.36746356,,5.511,-277.422556,,10.877,45.36746356,-12.02265453,,57.39011809,,
5.511469673,-281.414804,,10.95781493,46.37173436,,5.511,-281.414804,,10.957,46.37173436,-13.51353877,,59.88527313,,
5.511469673,-285.4070521,,10.97783826,42.8800695,,5.511,-285.4070521,,10.977,42.8800695,-13.51353877,,56.39360827,,
5.511469673,-289.3993002,,11.03790824,42.38569508,,5.511,-289.3993002,,11.037,42.38569508,-15.50345401,,57.8891491,,
5.511469673,-293.3915482,,11.05793157,38.39499922,,5.511,-293.3915482,,11.057,38.39499922,-15.50345401,,53.89845323,,
5.511469673,-296.3857343,,11.11800156,38.3996558,,5.511,-296.3857343,,11.118,38.3996558,-18.82670561,,57.22636141,,
5.571539658,-229.0118916,,11.13802488,34.90799095,,5.571,-229.0118916,,11.138,34.90799095,-19.4863889,,54.39437984,,
5.55151633,-233.5047229,,11.19809487,34.41361653,,5.551,-233.5047229,,11.198,34.41361653,-17.48560828,,51.89922481,,
5.55151633,-237.496971,,11.2181182,31.42098268,,5.551,-237.496971,,11.218,31.42098268,-21.47630415,,52.89728682,,
5.55151633,-241.489219,,11.29821151,30.42912944,,5.551,-241.489219,,11.298,30.42912944,-24.4673858,,54.89651524,,
5.55151633,-245.4814671,,11.29821151,27.4349434,,5.551,-245.4814671,,11.298,27.4349434,-24.4673858,,51.9023292,,
5.55151633,-249.4737151,,11.37830482,26.94212117,,5.551,-249.4737151,,11.378,26.94212117,-23.96214601,,50.90426718,,
5.55151633,-253.4659632,,11.45839813,24.45317492,,5.551,-253.4659632,,11.458,24.45317492,-28.44721629,,52.90039121,,
5.55151633,-256.4601493,,11.45839813,20.95995786,,5.551,-256.4601493,,11.458,20.95995786,-28.44721629,,49.40717416,,
5.611586314,-205.0552989,,11.53849145,21.46519766,,5.611,-205.0552989,,11.538,21.46519766,-27.4429455,,48.90814315,,
5.591562986,-209.5481301,,11.51846812,19.46752143,,5.591,-209.5481301,,11.518,19.46752143,-27.4429455,,46.91046692,,
5.591562986,-213.5403782,,11.61858476,18.47722039,,5.591,-213.5403782,,11.618,18.47722039,-28.43635092,,46.91357132,,
5.591562986,-217.5326263,,11.69867807,17.48536716,,5.591,-217.5326263,,11.698,17.48536716,-27.92955894,,45.4149261,,
5.591562986,-221.5248743,,11.69867807,14.49118112,,5.591,-221.5248743,,11.698,14.49118112,-27.92955894,,42.42074005,,
5.591562986,-225.5171224,,11.77877138,14.4973899,,5.591,-225.5171224,,11.778,14.4973899,-28.42238116,,42.91977106,,
5.65163297,-184.5919232,,11.77877138,11.50320385,,5.651,-184.5919232,,11.778,11.50320385,-28.42238116,,39.92558501,,
5.631609642,-189.5837854,,11.8588647,12.00844364,,5.631,-189.5837854,,11.858,12.00844364,-27.91714137,,39.92558501,,
5.631609642,-193.5760335,,11.93895801,10.51755941,,5.631,-193.5760335,,11.938,10.51755941,-28.40996359,,38.927523,,
5.631609642,-197.5682816,,11.97900467,7.526477751,,5.631,-197.5682816,,11.979,7.526477751,-28.40996359,,35.93644134,,
5.631609642,-201.5605296,,12.05909798,7.532686535,,5.631,-201.5605296,,12.059,7.532686535,-29.06861209,,36.60129862,,
5.691679627,-167.1227335,,12.13919129,6.540833303,,5.691,-167.1227335,,12.139,6.540833303,-25.39715119,,31.9379845,,
5.671656299,-171.6155648,,12.13919129,3.546647257,,5.671,-171.6155648,,12.139,3.546647257,-25.39715119,,28.94379845,,
5.671656299,-175.6078128,,12.2192846,6.547042087,,5.671,-175.6078128,,12.219,6.547042087,-24.39288039,,30.93992248,,
5.671656299,-179.6000609,,12.19926128,3.551303845,,5.671,-179.6000609,,12.199,3.551303845,-28.39288944,,31.94419328,,
5.731726283,-151.1506369,,12.29937792,5.555188856,,5.731,-151.1506369,,12.299,5.555188856,-28.38668065,,33.94186951,,
5.711702955,-155.6434681,,12.27935459,3.557512629,,5.711,-155.6434681,,12.279,3.557512629,-28.38668065,,31.94419328,,
5.711702955,-159.6357162,,12.3594479,4.561783428,,5.711,-159.6357162,,12.359,4.561783428,-23.05540486,,27.61718828,,
5.711702955,-163.6279642,,12.45956454,3.072451385,,5.711,-163.6279642,,12.459,3.072451385,-22.37813001,,25.4505814,,
5.771772939,-134.6795092,,12.53965785,2.579629161,,5.771,-134.6795092,,12.539,2.579629161,-21.37385921,,23.95348837,,
5.751749611,-139.6713715,,12.53965785,-0.414556886,,5.751,-139.6713715,,12.539,-0.414556886,-21.37385921,,20.95930233,,
5.751749611,-143.6636195,,12.62642561,0.922918651,,5.751,-143.6636195,,12.626,0.922918651,-20.70175835,,21.624677,,
5.751749611,-147.6558676,,12.69984448,-0.402139318,,5.751,-147.6558676,,12.699,-0.402139318,-20.36337963,,19.96124031,,
5.811819596,-125.1948157,,12.75991446,-1.395544745,,5.811,-125.1948157,,12.759,-1.395544745,-20.36337963,,18.96783488,,
5.791796267,-129.6876469,,12.8600311,-1.387783766,,5.791,-129.6876469,,12.86,-1.387783766,-22.34708609,,20.95930233,,
5.851866252,-113.2149671,,12.8600311,-4.381969812,,5.851,-113.2149671,,12.86,-4.381969812,-22.34708609,,17.96511628,,
5.831842924,-117.7077984,,12.94012442,-3.377699013,,5.831,-117.7077984,,12.94,-3.377699013,-18.34862925,,14.97093023,,
5.831842924,-121.7000464,,13.0001944,-1.376918394,,5.831,-121.7000464,,13,-1.376918394,-20.34630547,,18.96938708,,
5.891912908,-105.2273666,,13.0001944,-5.369166456,,5.891,-105.2273666,,13,-5.369166456,-20.34630547,,14.97713902,,
5.87188958,-109.7201978,,13.02021773,-8.860831314,,5.871,-109.7201978,,13.02,-8.860831314,-20.33854449,,11.47771318,,
5.931959565,-96.74073505,,13.04024106,-13.35055819,,5.931,-96.74073505,,13.04,-13.35055819,-224.9397055,,211.5891473,,
5.911936236,-101.7325973,,13.12033437,-230.9218688,,5.911,-101.7325973,,13.12,-230.9218688,-227.9276827,,2.994186047,,
5.972006221,-87.25604151,,13.12033437,-234.9141168,,5.972,-87.25604151,,13.12,-234.9141168,-227.9276827,,6.986434109,,
5.951982893,-91.74887277,,13.12033437,-237.9083029,,5.951,-91.74887277,,13.12,-237.9083029,-227.9276827,,9.980620155,,
6.012052877,-77.27231696,,13.16038103,-206.965276,,6.012,-77.27231696,,13.16,-206.965276,-200.9769039,,5.988372093,,
5.992029549,-83.76127226,,13.16038103,-210.9575241,,5.992,-83.76127226,,13.16,-210.9575241,-200.9769039,,9.980620155,,
6.052099533,-73.27696451,,13.16038103,-214.9497721,,6.052,-73.27696451,,13.16,-214.9497721,-200.9769039,,13.97286822,,
6.09214619,-64.79033298,,13.16038103,-217.9439582,,6.092,-64.79033298,,13.16,-217.9439582,-200.9769039,,16.96705426,,
6.072122862,-69.78219526,,13.22045101,-192.4887202,,6.072,-69.78219526,,13.22,-192.4887202,-179.0164352,,13.47228501,,
6.132192846,-58.7988565,,13.20042768,-196.9815515,,6.132,-58.7988565,,13.2,-196.9815515,-179.0164352,,17.96511628,,
6.172239502,-53.30641102,,13.20042768,-201.9718616,,6.172,-53.30641102,,13.2,-201.9718616,-179.0164352,,22.95542636,,
6.218960601,-49.47688484,,13.26049767,-180.0098406,,6.218,-49.47688484,,13.26,-180.0098406,-163.0443386,,16.96550207,,
6.252332815,-43.31958208,,13.24047434,-185.0017029,,6.252,-43.31958208,,13.24,-185.0017029,-163.0443386,,21.95736434,,
6.292379471,-38.82519862,,13.24047434,-188.993951,,6.292,-38.82519862,,13.24,-188.993951,-163.0443386,,25.9496124,,
6.332426128,-33.33275314,,13.30054432,-170.0261161,,6.332,-33.33275314,,13.3,-170.0261161,-145.0761179,,24.94999819,,
6.372472784,-28.83836968,,13.280521,-175.0179783,,6.372,-28.83836968,,13.28,-175.0179783,-145.0761179,,29.94186047,,
6.459240539,-19.51639802,,13.34059098,-164.5336706,,6.459,-19.51639802,,13.34,-164.5336706,-133.0962693,,31.43740129,,
6.432542768,-23.84340302,,13.38063764,-156.0470391,,6.432,-23.84340302,,13.38,-156.0470391,-121.1164207,,34.93061835,,
6.432542768,-26.83758906,,13.36061431,-161.0389013,,6.432,-26.83758906,,13.36,-161.0389013,-121.1164207,,39.92248062,,
6.532659409,-13.35599087,,13.42735874,-150.7204199,,6.532,-13.35599087,,13.427,-150.7204199,-106.1408339,,44.57958596,,
6.512636081,-17.84882214,,13.46073095,-144.0640861,,6.512,-17.84882214,,13.46,-144.0640861,-101.1489716,,42.91511447,,
6.579380508,-9.859152029,,13.5007776,-138.5716406,,6.579,-9.859152029,,13.5,-138.5716406,-93.16137112,,45.41026951,,
6.652799378,-4.863150566,,13.54082426,-134.0772572,,6.652,-4.863150566,,13.54,-134.0772572,-80.68093933,,53.39631783,,
6.692846034,0.130263903,,13.58087092,-129.0838427,,6.692,0.130263903,,13.58,-129.0838427,-77.18617008,,51.89767261,,
6.752916019,2.131044522,,13.62091757,-124.5894592,,6.752,2.131044522,,13.62,-124.5894592,-69.19856957,,55.39088966,,
6.812986003,6.127949172,,13.66096423,-120.5941068,,6.812,6.127949172,,13.66,-120.5941068,-58.21523081,,62.37887597,,
6.833009331,3.135315322,,13.70101089,-116.0997233,,6.833,3.135315322,,13.701,-116.0997233,-52.72278533,,63.37693798,,
6.893079316,10.12640602,,13.74105754,-110.6072778,,6.893,10.12640602,,13.741,-110.6072778,-49.22801608,,61.37926176,,
6.873055988,7.130667776,,13.7811042,-106.6119254,,6.873,7.130667776,,13.781,-106.6119254,-40.24080136,,66.37112403,,
6.973172628,16.1209869,,13.82115086,-102.1175419,,6.973,16.1209869,,13.821,-102.1175419,-34.24932487,,67.86821705,,
6.973172628,12.62776984,,13.86787195,-96.79092272,,6.973,12.62776984,,13.867,-96.79092272,-28.25784839,,68.53307433,,
7.053265941,17.12525769,,13.94129082,-92.12760859,,7.053,17.12525769,,13.941,-92.12760859,-22.76229852,,69.36531008,,
7.133359253,19.12759051,,14.02138414,-87.13108973,,7.133,19.12759051,,14.021,-87.13108973,-14.2725626,,72.85852713,,
7.180080353,22.45808569,,14.00136081,-90.12682797,,7.18,22.45808569,,14.001,-90.12682797,-18.26791505,,71.85891292,,
7.253499222,24.12721376,,14.06143079,-83.13573728,,7.253,24.12721376,,14.061,-83.13573728,-14.2725626,,68.86317468,,
7.253499222,21.13302772,,14.14152411,-76.64212539,,7.253,21.13302772,,14.141,-76.64212539,-4.282629269,,72.35949612,,
7.333592535,25.13148456,,14.12150078,-80.13689464,,7.333,25.13148456,,14.121,-80.13689464,-12.27178198,,67.86511266,,
7.373639191,28.128775,,14.18157076,-72.64677294,,7.373,28.128775,,14.181,-72.64677294,-4.282629269,,68.36414367,,
7.413685848,25.13769335,,14.22829186,-68.81724676,,7.413,25.13769335,,14.228,-68.81724676,-2.28184865,,66.53539811,,
7.453732504,28.13498378,,14.30171073,-66.15005666,,7.453,28.13498378,,14.301,-66.15005666,4.709242046,,70.85929871,,
7.533825816,29.13925458,,14.38180404,-60.15547579,,7.533,29.13925458,,14.381,-60.15547579,11.70498933,,71.86046512,,
7.513802488,27.14157836,,14.36178072,-64.14927604,,7.513,27.14157836,,14.361,-64.14927604,7.210605869,,71.35988191,,
7.613919129,31.64061841,,14.46189736,-56.15701894,,7.613,31.64061841,,14.461,-56.15701894,11.70498933,,67.86200827,,
7.593895801,29.14391117,,14.54199067,-52.15856209,,7.593,29.14391117,,14.541,-52.15856209,18.70384101,,70.8624031,,
7.694012442,30.14973417,,14.62208398,-47.16204323,,7.694,30.14973417,,14.622,-47.16204323,15.71431155,,62.87635478,,
7.780780197,32.48527172,,14.60206065,-50.15778147,,7.78,32.48527172,,14.602,-50.15778147,15.71431155,,65.87209302,,
7.754082426,29.15632874,,14.70217729,-44.1616484,,7.754,29.15632874,,14.702,-44.1616484,21.71044462,,65.87209302,,
7.854199067,31.65924476,,14.68215397,-48.15544866,,7.854,31.65924476,,14.682,-48.15544866,15.71431155,,63.86976021,,
7.934292379,30.66739153,,14.78227061,-41.16125357,,7.934,30.66739153,,14.782,-41.16125357,23.21374643,,64.375,,
8.014385692,31.17263132,,14.86236392,-38.16085874,,8.014,31.17263132,,14.862,-38.16085874,26.71317227,,64.87403101,,
8.094479005,30.67980909,,14.94245723,-35.16046391,,8.094,30.67980909,,14.942,-35.16046391,28.71550508,,63.87596899,,
8.174572317,34.17923493,,15.02255054,-32.16006908,,8.174,34.17923493,,15.022,-32.16006908,30.7178379,,62.87790698,,
8.174572317,30.68601788,,15.00252722,-36.15386934,,8.174,30.68601788,,15.002,-36.15386934,28.71550508,,64.86937442,,
8.25466563,32.18931969,,15.1093183,-28.82646951,,8.254,32.18931969,,15.109,-28.82646951,30.72404668,,59.55051619,,
8.25466563,28.69610263,,15.18273717,-26.15927942,,8.254,28.69610263,,15.182,-26.15927942,32.22734849,,58.38662791,,
8.334758942,30.19940444,,15.26283048,-23.6579156,,8.334,30.19940444,,15.262,-23.6579156,32.73258828,,56.39050388,,
8.314735614,27.2036662,,15.24280715,-26.15462283,,8.314,27.2036662,,15.242,-26.15462283,32.22734849,,58.38197132,,
8.374805599,34.19475689,,15.34292379,-21.15655177,,8.374,34.19475689,,15.342,-21.15655177,32.73258828,,53.88914005,,
8.454898911,33.20290366,,15.32290047,-24.15229002,,8.454,33.20290366,,15.322,-24.15229002,32.73258828,,56.8848783,,
8.434875583,31.20522743,,15.42969155,-20.81713825,,8.434,31.20522743,,15.429,-20.81713825,33.24403685,,54.06117511,,
8.514968896,34.20562226,,15.50311042,-16.65285514,,8.514,34.20562226,,15.503,-16.65285514,32.75121463,,49.40406977,,
8.534992224,30.71395741,,15.58320373,-15.14955333,,8.534,30.71395741,,15.583,-15.14955333,34.25451644,,49.40406977,,
8.615085537,32.21725921,,15.62325039,-12.15226289,,8.615,32.21725921,,15.623,-12.15226289,34.25451644,,46.40677933,,
8.615085537,29.22307317,,15.7033437,-12.64508511,,8.615,29.22307317,,15.703,-12.64508511,35.25878724,,47.90387235,,
8.695178849,30.22734397,,15.78343701,-11.14178331,,8.695,30.22734397,,15.783,-11.14178331,34.76596501,,45.90774832,,
8.781946604,28.23794612,,15.78343701,-14.13596935,,8.781,28.23794612,,15.783,-14.13596935,34.76596501,,48.90193437,,
8.755248834,25.24169048,,15.86353033,-9.139450492,,8.755,25.24169048,,15.863,-9.139450492,31.77643556,,40.91588605,,
8.855365474,28.2436375,,15.843507,-12.13518873,,8.855,28.2436375,,15.843,-12.13518873,31.77643556,,43.91162429,,
8.835342146,25.24789926,,15.94362364,-9.133241709,,8.835,25.24789926,,15.943,-9.133241709,30.78613452,,39.91937623,,
8.935458787,27.75081528,,16.03039139,-7.130391495,,8.935,27.75081528,,16.03,-7.130391495,32.78846733,,39.91885883,,
9.022226542,26.59313578,,16.10381026,-1.136328017,,9.022,26.59313578,,16.103,-1.136328017,30.79699989,,31.93332791,,
9.095645412,26.26613982,,16.10381026,-4.629545071,,9.095,26.26613982,,16.103,-4.629545071,30.79699989,,35.42654496,,
9.135692068,23.77408918,,16.18390358,-2.128181248,,9.135,23.77408918,,16.183,-2.128181248,35.29603994,,37.42422119,,
9.222459824,24.61253371,,16.16388025,-4.125857475,,9.222,24.61253371,,16.163,-4.125857475,35.29603994,,39.42189742,,
9.255832037,99.13708452,,16.26399689,-1.123910449,,9.255,99.13708452,,16.263,-1.123910449,32.80709369,,33.93100414,,
9.235808709,94.14522225,,16.26399689,-4.118096495,,9.235,94.14522225,,16.263,-4.118096495,32.80709369,,36.92519018,,
9.235808709,90.15297419,,16.3440902,-1.117701665,,9.235,90.15297419,,16.344,-1.117701665,30.81717844,,31.9348801,,
9.235808709,86.16072613,,16.46423017,0.887735542,,9.235,86.16072613,,16.464,0.887735542,29.83153399,,28.94379845,,
9.235808709,82.16847806,,16.54432348,2.890068357,,9.235,82.16847806,,16.544,2.890068357,27.84161874,,24.95155039,,
9.235808709,78.17623,,16.54432348,-0.10411769,,9.235,78.17623,,16.544,-0.10411769,27.84161874,,27.94573643,,
9.235808709,74.18398194,,16.6244168,-0.596939913,,9.235,74.18398194,,16.624,-0.596939913,23.85402727,,24.45096718,,
9.235808709,70.19173388,,16.70451011,0.407330886,,9.235,70.19173388,,16.704,0.407330886,23.86023605,,23.45290517,,
9.235808709,66.19948582,,16.78460342,5.403849747,,9.235,66.19948582,,16.784,5.403849747,26.86063088,,21.45678114,,
9.235808709,62.20723775,,16.76458009,0.911018482,,9.235,62.20723775,,16.764,0.911018482,26.86063088,,25.9496124,,
9.235808709,58.21498969,,16.80462675,28.85985931,,9.235,58.21498969,,16.804,28.85985931,36.84435543,,7.984496124,,
9.235808709,54.22274163,,16.80462675,24.86761125,,9.235,54.22274163,,16.804,24.86761125,36.84435543,,11.97674419,,
9.235808709,50.23049357,,16.80462675,20.87536318,,9.235,50.23049357,,16.804,20.87536318,36.84435543,,15.96899225,,
9.235808709,46.23824551,,16.80462675,16.88311512,,9.235,46.23824551,,16.804,16.88311512,36.84435543,,19.96124031,,
9.235808709,42.24599744,,16.80462675,12.89086706,,9.235,42.24599744,,16.804,12.89086706,36.84435543,,23.95348837,,
9.235808709,38.25374938,,16.80462675,8.898618998,,9.235,38.25374938,,16.804,8.898618998,36.84435543,,27.94573643,,
9.235808709,34.26150132,,16.84467341,218.4947466,,9.235,34.26150132,,16.844,218.4947466,36.84435543,,181.6503912,,
9.235808709,30.26925326,,16.84467341,214.5024986,,9.235,30.26925326,,16.844,214.5024986,36.84435543,,177.6581432,,
9.275855365,255.8343732,,16.92476672,203.5300252,,9.275,255.8343732,,16.924,203.5300252,188.559095,,14.97093023,,
9.275855365,251.8421251,,16.96481337,192.5544474,,9.275,251.8421251,,16.964,192.5544474,176.5854552,,15.96899225,,
9.275855365,247.849877,,16.96481337,188.5621994,,9.275,247.849877,,16.964,188.5621994,176.5854552,,11.97674419,,
9.275855365,243.857629,,17.00486003,182.5769317,,9.275,243.857629,,17.004,182.5769317,162.6156913,,19.96124031,,
9.275855365,239.8653809,,17.00486003,178.5846836,,9.275,239.8653809,,17.004,178.5846836,162.6156913,,15.96899225,,
9.275855365,235.8731328,,17.02488336,173.5959257,,9.275,235.8731328,,17.024,173.5959257,159.1240265,,14.47189922,,
9.295878694,231.882437,,17.08495334,170.6063963,,9.295,231.882437,,17.084,170.6063963,144.6567838,,25.9496124,,
9.295878694,227.8901889,,17.08495334,166.6141482,,9.295,227.8901889,,17.084,166.6141482,144.6567838,,21.95736434,,
9.295878694,223.8979409,,17.10497667,163.1224833,,9.295,223.8979409,,17.104,163.1224833,139.668026,,23.45445736,,
9.295878694,219.9056928,,17.14502333,157.6362466,,9.295,219.9056928,,17.145,157.6362466,125.6982621,,31.9379845,,
9.295878694,215.9134447,,17.16504666,152.6474888,,9.295,215.9134447,,17.165,152.6474888,120.7095043,,31.9379845,,
9.295878694,212.4202277,,17.18506998,148.6567929,,9.295,212.4202277,,17.185,148.6567929,115.7207464,,32.93604651,,
9.275855365,207.9273964,,17.22511664,145.1666802,,9.275,207.9273964,,17.225,145.1666802,115.7207464,,29.44593385,,
9.275855365,203.9351483,,17.2651633,139.6804435,,9.275,203.9351483,,17.265,139.6804435,101.2550559,,38.4253876,,
9.275855365,199.9429003,,17.30520995,135.1922689,,9.275,199.9429003,,17.305,135.1922689,91.77657118,,43.41569767,,
9.275855365,195.9506522,,17.34525661,129.7060322,,9.275,195.9506522,,17.345,129.7060322,85.79130348,,43.91472868,,
9.275855365,191.9584042,,17.40532659,126.7165027,,9.275,191.9584042,,17.405,126.7165027,76.81340193,,49.90310078,,
9.275855365,187.9661561,,17.42534992,121.7277448,,9.275,187.9661561,,17.425,121.7277448,71.82464405,,49.90310078,,
9.275855365,183.973908,,17.46539658,117.2395701,,9.275,183.973908,,17.465,117.2395701,67.33646937,,49.90310078,,
9.275855365,179.98166,,17.50544323,111.7533335,,9.275,179.98166,,17.505,111.7533335,61.85023268,,49.90310078,,
9.275855365,175.9894119,,17.54548989,107.2651588,,9.275,175.9894119,,17.545,107.2651588,55.86496498,,51.4001938,,
9.275855365,171.9971639,,17.56551322,110.759928,,9.275,171.9971639,,17.565,110.759928,55.86496498,,54.89496305,,
9.275855365,168.0049158,,17.6255832,104.7762125,,9.275,168.0049158,,17.625,104.7762125,47.38764663,,57.38856589,,
9.275855365,164.0126677,,17.66562986,99.78900684,,9.275,164.0126677,,17.665,99.78900684,42.89947195,,56.88953488,,
9.275855365,160.0204197,,17.70567652,95.30083216,,9.275,160.0204197,,17.705,95.30083216,35.41711123,,59.88372093,,
9.275855365,156.0281716,,17.74572317,91.31168849,,9.275,156.0281716,,17.745,91.31168849,32.42602957,,58.88565891,,
9.275855365,152.0359235,,17.78576983,87.82157583,,9.275,152.0359235,,17.785,87.82157583,28.93591691,,58.88565891,,
9.275855365,148.0436755,,17.84583981,86.8281704,,9.275,148.0436755,,17.845,86.8281704,26.94444947,,59.88372093,,
9.275855365,144.0514274,,17.86586314,83.33650554,,9.275,144.0514274,,17.865,83.33650554,22.9537536,,60.38275194,,
9.275855365,140.0591794,,17.9059098,79.34736187,,9.275,140.0591794,,17.905,79.34736187,19.46364094,,59.88372093,,
9.275855365,136.0669313,,17.98600311,75.8603536,,9.275,136.0669313,,17.986,75.8603536,11.98438461,,63.87596899,,
9.275855365,132.0746832,,18.06609642,71.87431432,,9.275,132.0746832,,18.066,71.87431432,7.496209929,,64.37810439,,
9.275855365,128.0824352,,18.10614308,65.88904662,,9.275,128.0824352,,18.106,65.88904662,3.510170651,,62.37887597,,
9.275855365,124.0901871,,18.14618974,62.39893396,,9.275,124.0901871,,18.146,62.39893396,3.510170651,,58.88876331,,
9.275855365,120.097939,,18.20625972,60.90649752,,9.275,120.097939,,18.206,60.90649752,-1.97296165,,62.87945917,,
9.275855365,116.105691,,18.22628305,56.91580166,,9.275,116.105691,,18.226,56.91580166,-6.461136328,,63.37693798,,
9.275855365,112.1134429,,18.24630638,53.92316781,,9.275,112.1134429,,18.246,53.92316781,-6.461136328,,60.38430413,,
9.275855365,108.1211949,,18.30637636,55.92394842,,9.275,108.1211949,,18.306,55.92394842,-5.955896536,,61.87984496,,
9.275855365,104.1289468,,18.34642302,51.93480475,,9.275,104.1289468,,18.346,51.93480475,-7.953572763,,59.88837752,,
9.355948678,211.9258533,,18.36644635,54.930543,,9.355,211.9258533,,18.366,54.930543,-7.953572763,,62.88411576,,
9.355948678,207.9336052,,18.42651633,49.94488951,,9.355,207.9336052,,18.426,49.94488951,-11.93961204,,61.88450155,,
9.355948678,203.9413571,,18.406493,47.94721328,,9.355,203.9413571,,18.406,47.94721328,-11.93961204,,59.88682532,,
9.375972006,198.9525993,,18.48658631,46.95536005,,9.375,198.9525993,,18.486,46.95536005,-12.43088207,,59.38624212,,
9.395995334,193.9638414,,18.50660964,43.9627262,,9.395,193.9638414,,18.506,43.9627262,-12.43088207,,56.39360827,,
9.395995334,189.9715933,,18.58670295,41.97281095,,9.395,189.9715933,,18.586,41.97281095,-18.40994099,,60.38275194,,
9.395995334,185.9793452,,18.62674961,37.98366728,,9.395,185.9793452,,18.626,37.98366728,-18.40994099,,56.39360827,,
9.416018663,182.4876804,,18.64677294,40.97940552,,9.416,182.4876804,,18.646,40.97940552,-18.40994099,,59.38934651,,
9.436041991,177.9979535,,18.70684292,36.99181405,,9.436,177.9979535,,18.706,36.99181405,-20.39985623,,57.39167028,,
9.436041991,174.0057055,,18.70684292,33.997628,,9.436,174.0057055,,18.706,33.997628,-20.39985623,,54.39748424,,
9.436041991,170.0134574,,18.78693624,32.50674376,,9.436,170.0134574,,18.786,32.50674376,-23.3847291,,55.89147287,,
9.456065319,166.5217925,,18.86702955,30.01779751,,9.456,166.5217925,,18.867,30.01779751,-23.37852032,,53.39631783,,
9.476088647,162.0320657,,18.84700622,28.02012128,,9.476,162.0320657,,18.847,28.02012128,-23.3847291,,51.40485039,,
9.476088647,158.0398176,,18.94712286,26.03175823,,9.476,158.0398176,,18.947,26.03175823,-23.87134254,,49.90310078,,
9.496111975,154.5481527,,19.02721617,23.54281198,,9.496,154.5481527,,19.027,23.54281198,-23.87134254,,47.41415452,,
9.516135303,150.0584259,,19.06726283,20.05269931,,9.516,150.0584259,,19.067,20.05269931,-27.85893402,,47.91163333,,
9.536158631,145.069668,,19.14735614,20.0589081,,9.536,145.069668,,19.147,20.0589081,-27.85272523,,47.91163333,,
9.55618196,140.0809101,,19.1874028,16.06976443,,9.556,140.0809101,,19.187,16.06976443,-27.84496425,,43.91472868,,
9.55618196,136.088662,,19.22744946,18.06899285,,9.556,136.088662,,19.227,18.06899285,-29.84264048,,47.91163333,,
9.576205288,131.0999042,,19.26749611,13.58081817,,9.576,131.0999042,,19.267,13.58081817,-26.84069345,,40.42151163,,
9.596228616,126.1111463,,19.34758942,14.08605796,,9.596,126.1111463,,19.347,14.08605796,-26.84069345,,40.92675142,,
9.616251944,122.6194814,,19.3275661,12.08838174,,9.616,122.6194814,,19.327,12.08838174,-26.84069345,,38.92907519,,
9.636275272,118.1297545,,19.42768274,13.09420473,,9.636,118.1297545,,19.427,13.09420473,-25.83021387,,38.9244186,,
9.6562986,114.6380897,,19.50777605,10.10622747,,9.656,114.6380897,,19.507,10.10622747,-27.32109811,,37.42732558,,
9.676321928,110.1483628,,19.58786936,9.114374239,,9.676,110.1483628,,19.587,9.114374239,-27.81392033,,36.92829457,,
9.696345257,106.656698,,19.66796267,7.62349,,9.696,106.656698,,19.667,7.62349,-28.30674256,,35.93023256,,
9.716368585,102.1669711,,19.70800933,4.632408345,,9.716,102.1669711,,19.708,4.632408345,-28.30674256,,32.9391509,,
9.736391913,97.1782132,,19.79477709,5.470852874,,9.736,97.1782132,,19.794,5.470852874,-26.47023601,,31.94108889,,
9.776438569,91.1929455,,19.86819596,4.145794905,,9.776,91.1929455,,19.868,4.145794905,-26.79723197,,30.94302687,,
9.796461897,86.20418761,,19.88821928,9.137657179,,9.796,86.20418761,,19.888,9.137657179,-22.80032732,,31.9379845,,
9.816485226,82.71252276,,19.94828927,4.651034697,,9.816,82.71252276,,19.948,4.651034697,-22.80032732,,27.45136201,,
9.856531882,77.22628606,,20.06842924,3.163254849,,9.856,77.22628606,,20.068,3.163254849,-20.29120251,,23.45445736,,
9.896578538,71.24101836,,20.10847589,0.671204203,,9.896,71.24101836,,20.108,0.671204203,-23.78286737,,24.45407158,,
9.936625194,65.25575066,,20.18856921,2.17450601,,9.936,65.25575066,,20.188,2.17450601,-20.78402474,,22.95853075,,
9.976671851,60.76757598,,20.16854588,0.176829783,,9.976,60.76757598,,20.168,0.176829783,-20.78402474,,20.96085452,,
9.996695179,56.27784911,,20.26866252,-0.813471253,,9.996,56.27784911,,20.268,-0.813471253,-23.7735542,,22.96008294,,
10.01671851,52.78618425,,20.24863919,-3.809209495,,10.016,52.78618425,,20.248,-3.809209495,-23.7735542,,19.9643447,,
10.07678849,50.2956858,,20.34875583,-1.805324484,,10.076,50.2956858,,20.348,-1.805324484,-21.77122138,,19.9658969,,
10.09681182,45.30692792,,20.4688958,-2.794073324,,10.096,45.30692792,,20.468,-2.794073324,-19.26830536,,16.47423204,,
10.13685848,39.32166022,,20.54898911,-0.791740509,,10.136,39.32166022,,20.548,-0.791740509,-18.75685679,,17.96511628,,
10.17690513,34.83348554,,20.54898911,-4.783988571,,10.176,34.83348554,,20.548,-4.783988571,-18.75685679,,13.97286822,,
10.21695179,30.84434187,,20.56901244,-8.774684437,,10.216,30.84434187,,20.569,-8.774684437,-230.3444519,,221.5697674,,
10.25699844,25.35810518,,20.56901244,-11.76887048,,10.256,25.35810518,,20.569,-11.76887048,-230.3444519,,218.5755814,,
10.31706843,22.36857572,,20.64910575,-237.3246772,,10.317,22.36857572,,20.649,-237.3246772,-234.3304912,,2.994186047,,
10.33709176,18.87691086,,20.68915241,-212.3700224,,10.337,18.87691086,,20.689,-212.3700224,-204.3855263,,7.984496124,,
10.37713841,14.88776719,,20.68915241,-216.3622705,,10.377,14.88776719,,20.689,-216.3622705,-204.3855263,,11.97674419,,
10.45723173,11.40075892,,20.7492224,-191.4060635,,10.457,11.40075892,,20.749,-191.4060635,-184.4211816,,6.984881913,,
10.49727838,7.411615248,,20.72919907,-196.3979258,,10.497,7.411615248,,20.729,-196.3979258,-184.4211816,,11.97674419,,
10.51730171,10.40735349,,20.72919907,-200.3901738,,10.517,10.40735349,,20.729,-200.3901738,-184.4211816,,15.96899225,,
10.55734837,6.418209821,,20.72919907,-204.3824219,,10.557,6.418209821,,20.729,-204.3824219,-184.4211816,,19.96124031,,
10.5773717,2.926544962,,20.78926905,-181.92137,,10.577,2.926544962,,20.789,-181.92137,-166.4529609,,15.46840904,,
10.63744168,2.432170543,,20.76924572,-186.4142012,,10.637,2.432170543,,20.769,-186.4142012,-166.4529609,,19.96124031,,
10.65746501,-1.059494316,,20.82931571,-169.4424904,,10.657,-1.059494316,,20.829,-169.4424904,-148.4847403,,20.95775013,,
10.70418611,-5.547151595,,20.80929238,-174.4343527,,10.704,-5.547151595,,20.809,-174.4343527,-148.4847403,,25.9496124,,
10.77760498,-8.535646256,,20.80929238,-178.4266007,,10.777,-8.535646256,,20.809,-178.4266007,-148.4847403,,29.94186047,,
10.85769829,-12.02265453,,20.86936236,-163.9500449,,10.857,-12.02265453,,20.869,-163.9500449,-126.0236883,,37.92635659,,
10.9377916,-13.51353877,,20.90940902,-155.9624444,,10.937,-13.51353877,,20.909,-155.9624444,-122.5289191,,33.43352532,,
11.01788491,-15.50345401,,20.88938569,-160.4552757,,11.017,-15.50345401,,20.889,-160.4552757,-122.5289191,,37.92635659,,
11.06460601,-18.82670561,,20.94945568,-147.9748439,,11.064,-18.82670561,,20.949,-147.9748439,-107.5533322,,40.42151163,,
11.13802488,-19.4863889,,20.92943235,-152.4676751,,11.138,-19.4863889,,20.929,-152.4676751,-122.5289191,,29.93875607,,
11.19809487,-17.48560828,,20.98950233,-144.4785224,,11.198,-17.48560828,,20.989,-144.4785224,-102.56147,,41.91705246,,
11.2181182,-21.47630415,,21.02954899,-139.984139,,11.218,-21.47630415,,21.029,-139.984139,-94.57386946,,45.41026951,,
11.25816485,-24.4673858,,21.06959565,-131.9965385,,11.258,-24.4673858,,21.069,-131.9965385,-84.59014491,,47.40639354,,
11.33825816,-23.96214601,,21.04957232,-136.4893697,,11.338,-23.96214601,,21.049,-136.4893697,-84.59014491,,51.89922481,,
11.41835148,-25.45303025,,21.1096423,-128.001186,,11.418,-25.45303025,,21.109,-128.001186,-76.6025444,,51.3986416,,
11.41835148,-28.44721629,,21.14968896,-124.0058335,,11.418,-28.44721629,,21.149,-124.0058335,-66.11823665,,57.8875969,,
11.49844479,-27.4429455,,21.18973561,-120.0104811,,11.498,-27.4429455,,21.189,-120.0104811,-62.12288419,,57.8875969,,
11.5785381,-26.4386747,,21.22978227,-116.0151286,,11.578,-26.4386747,,21.229,-116.0151286,-58.62811494,,57.3870137,,
11.55851477,-28.43635092,,21.26982893,-112.0197762,,11.558,-28.43635092,,21.269,-112.0197762,-49.64090021,,62.37887597,,
11.65863142,-27.92955894,,21.31655003,-108.19025,,11.658,-27.92955894,,21.316,-108.19025,-43.64942373,,64.54082627,,
11.73872473,-28.42238116,,21.35659668,-102.1987735,,11.738,-28.42238116,,21.356,-102.1987735,-37.65794724,,64.54082627,,
11.81881804,-27.91714137,,21.43001555,-97.53545939,,11.818,-27.91714137,,21.43,-97.53545939,-32.16239737,,65.37306202,,
11.89891135,-28.40996359,,21.47006221,-91.5439829,,11.898,-28.40996359,,21.47,-91.5439829,-24.17479686,,67.36918605,,
11.98567911,-29.06861209,,21.55015552,-85.54940203,,11.985,-29.06861209,,21.55,-85.54940203,-15.68506094,,69.86434109,,
12.06577242,-25.07015524,,21.53013219,-89.54320229,,12.065,-25.07015524,,21.53,-89.54320229,-20.1794444,,69.36375788,,
12.03907465,-28.39909822,,21.63024883,-80.55288317,,12.039,-28.39909822,,21.63,-80.55288317,-10.18951107,,70.36337209,,
12.13919129,-25.39715119,,21.61022551,-83.54862141,,12.139,-25.39715119,,21.61,-83.54862141,-15.68506094,,67.86356047,,
12.11916796,-28.39288944,,21.67696993,-76.22432598,,12.119,-28.39288944,,21.676,-76.22432598,-6.35998489,,69.86434109,,
12.2192846,-24.39288039,,21.71034215,-70.56605423,,12.219,-24.39288039,,21.71,-70.56605423,-6.35998489,,64.20606934,,
12.19926128,-28.38668065,,21.79043546,-66.06856637,,12.199,-28.38668065,,21.79,-66.06856637,3.795774712,,69.86434109,,
12.30605236,-23.05540486,,21.77041213,-70.56139764,,12.306,-23.05540486,,21.77,-70.56139764,-3.694346993,,66.86705065,,
12.37947123,-23.38240081,,21.87052877,-60.5730165,,12.379,-23.38240081,,21.87,-60.5730165,8.293262565,,68.86627907,,
12.45956454,-22.37813001,,21.85050544,-64.56681676,,12.459,-22.37813001,,21.85,-64.56681676,3.795774712,,68.36259147,,
12.43954121,-24.37580624,,21.95062208,-58.57068369,,12.439,-24.37580624,,21.95,-58.57068369,10.29559538,,68.86627907,,
12.53965785,-21.37385921,,21.99066874,-53.57726922,,12.539,-21.37385921,,21.99,-53.57726922,10.29559538,,63.8728646,,
12.62642561,-20.70175835,,22.07076205,-50.57687439,,12.626,-20.70175835,,22.07,-50.57687439,12.296376,,62.87325039,,
12.69984448,-20.36337963,,22.05073872,-53.57261263,,12.699,-20.36337963,,22.05,-53.57261263,12.296376,,65.86898863,,
12.77993779,-20.35717084,,22.15085537,-48.07551057,,12.779,-20.35717084,,22.15,-48.07551057,16.29483285,,64.37034341,,
12.8600311,-19.35290004,,22.13083204,-52.56834183,,12.86,-19.35290004,,22.13,-52.56834183,16.29483285,,68.86317468,,
12.8600311,-22.34708609,,22.19090202,-44.57918912,,12.86,-22.34708609,,22.19,-44.57918912,19.29677987,,63.87596899,,
12.94012442,-18.34862925,,22.27766978,-42.24365157,,12.94,-18.34862925,,22.277,-42.24365157,20.30105067,,62.54470224,,
12.92010109,-20.34630547,,22.25097201,-45.57259455,,12.92,-20.34630547,,22.25,-45.57259455,19.29677987,,64.86937442,,
13.02021773,-16.34629643,,22.35108865,-38.57839946,,13.02,-16.34629643,,22.351,-38.57839946,25.29756953,,63.87596899,,
13.02021773,-20.33854449,,22.43118196,-36.07703564,,13.02,-20.33854449,,22.431,-36.07703564,26.30184033,,62.37887597,,
13.04024106,-25.32730237,,22.41115863,-39.57180489,,13.04,-25.32730237,,22.411,-39.57180489,22.30183129,,61.87363618,,
13.04024106,-29.31955044,,22.47122862,-32.58071419,,13.04,-29.31955044,,22.471,-32.58071419,26.30184033,,58.88255452,,
13.04024106,-33.3117985,,22.51127527,-35.57179585,,13.04,-33.3117985,,22.511,-35.57179585,28.30417315,,63.87596899,,
13.04024106,-37.30404656,,22.55132193,-30.57838138,,13.04,-37.30404656,,22.551,-30.57838138,28.30417315,,58.88255452,,
13.04024106,-41.29629462,,22.63141524,-29.57411058,,13.04,-41.29629462,,22.631,-29.57411058,29.64164868,,59.21575926,,
13.04024106,-45.28854268,,22.71150855,-26.07468474,,13.04,-45.28854268,,22.711,-26.07468474,31.80980777,,57.88449251,,
13.04024106,-49.28079075,,22.79827631,-24.23817819,,13.04,-49.28079075,,22.798,-24.23817819,28.3227995,,52.56097769,,
13.04024106,-53.27303881,,22.77157854,-27.56712117,,13.04,-53.27303881,,22.771,-27.56712117,28.3227995,,55.88992067,,
13.04024106,-57.26528687,,22.87836962,-20.23972135,,13.04,-57.26528687,,22.878,-20.23972135,28.32745609,,48.56717743,,
13.04024106,-61.25753493,,22.95178849,-17.57253125,,13.04,-61.25753493,,22.951,-17.57253125,31.82843412,,49.40096538,,
13.04024106,-65.24978299,,22.95178849,-20.5667173,,13.04,-65.24978299,,22.951,-20.5667173,31.82843412,,52.39515142,,
13.04024106,-69.24203106,,23.0318818,-16.56826046,,13.04,-69.24203106,,23.031,-16.56826046,32.83270492,,49.40096538,,
13.04024106,-73.23427912,,23.11197512,-14.56592764,,13.04,-73.23427912,,23.111,-14.56592764,31.84085169,,46.40677933,,
13.04024106,-77.22652718,,23.09195179,-17.56166588,,13.04,-77.22652718,,23.091,-17.56166588,31.84085169,,49.40251757,,
13.04024106,-81.21877524,,23.19206843,-13.06262583,,13.04,-81.21877524,,23.192,-13.06262583,28.35539561,,41.41802145,,
13.04024106,-85.2110233,,23.1720451,-16.55739508,,13.04,-85.2110233,,23.172,-16.55739508,28.35539561,,44.9127907,,
13.04024106,-89.20327137,,23.27216174,-12.55738604,,13.04,-89.20327137,,23.272,-12.55738604,31.85326926,,44.4106553,,
13.04024106,-93.19551943,,23.3589295,-10.22184849,,13.04,-93.19551943,,23.358,-10.22184849,28.36626099,,38.58810948,,
13.04024106,-97.18776749,,23.33223173,-13.55079147,,13.04,-97.18776749,,23.332,-13.55079147,28.36626099,,41.91705246,,
13.04024106,-101.1800156,,23.43234837,-9.05175142,,13.04,-101.1800156,,23.432,-9.05175142,28.37246977,,37.42422119,,
13.04024106,-105.1722636,,23.51244168,-7.548449612,,13.04,-105.1722636,,23.512,-7.548449612,28.37867855,,35.92712817,,
13.04024106,-109.1645117,,23.59253499,-6.544178813,,13.04,-109.1645117,,23.592,-6.544178813,29.88198036,,36.42615917,,
13.04024106,-113.1567597,,23.61255832,-9.536812664,,13.04,-113.1567597,,23.612,-9.536812664,29.88198036,,39.41879302,,
13.04024106,-117.1490078,,23.6726283,-4.541845998,,13.04,-117.1490078,,23.672,-4.541845998,28.05892618,,32.60077218,,
13.04024106,-121.1412559,,23.69265163,-7.534479849,,13.04,-121.1412559,,23.692,-7.534479849,28.05892618,,35.59340603,,
13.04024106,-125.1335039,,23.75272162,-3.537575199,,13.04,-125.1335039,,23.752,-3.537575199,29.72857166,,33.26614686,,
13.04024106,-129.125752,,23.83281493,-1.535242384,,13.04,-129.125752,,23.832,-1.535242384,28.90564909,,30.44089147,,
13.04024106,-133.118,,,,,13.04,-133.118,,,,,,,,
13.04024106,-137.1102481,,,,,13.04,-137.1102481,,,,,,,,
13.04024106,-141.1024962,,,,,13.04,-141.1024962,,,,,,,,
13.04024106,-145.0947442,,,,,13.04,-145.0947442,,,,,,,,
13.04024106,-149.0869923,,,,,13.04,-149.0869923,,,,,,,,
13.04024106,-153.0792404,,,,,13.04,-153.0792404,,,,,,,,
13.04024106,-157.0714884,,,,,13.04,-157.0714884,,,,,,,,
13.04024106,-161.0637365,,,,,13.04,-161.0637365,,,,,,,,
13.04024106,-165.0559845,,,,,13.04,-165.0559845,,,,,,,,
13.04024106,-169.0482326,,,,,13.04,-169.0482326,,,,,,,,
13.04024106,-173.0404807,,,,,13.04,-173.0404807,,,,,,,,
13.04024106,-177.0327287,,,,,13.04,-177.0327287,,,,,,,,
13.04024106,-181.0249768,,,,,13.04,-181.0249768,,,,,,,,
13.04024106,-185.0172249,,,,,13.04,-185.0172249,,,,,,,,
13.04024106,-189.0094729,,,,,13.04,-189.0094729,,,,,,,,
13.04024106,-193.001721,,,,,13.04,-193.001721,,,,,,,,
13.04024106,-196.993969,,,,,13.04,-196.993969,,,,,,,,
13.04024106,-200.9862171,,,,,13.04,-200.9862171,,,,,,,,
13.04024106,-204.9784652,,,,,13.04,-204.9784652,,,,,,,,
13.04024106,-208.9707132,,,,,13.04,-208.9707132,,,,,,,,
13.04024106,-212.9629613,,,,,13.04,-212.9629613,,,,,,,,
13.04024106,-216.9552094,,,,,13.04,-216.9552094,,,,,,,,
13.04024106,-220.9474574,,,,,13.04,-220.9474574,,,,,,,,
13.04024106,-224.9397055,,,,,13.04,-224.9397055,,,,,,,,
13.06026439,-228.9304013,,,,,13.06,-228.9304013,,,,,,,,
13.06026439,-232.9226494,,,,,13.06,-232.9226494,,,,,,,,
13.06026439,-236.9148975,,,,,13.06,-236.9148975,,,,,,,,
13.06026439,-240.9071455,,,,,13.06,-240.9071455,,,,,,,,
13.06026439,-244.8993936,,,,,13.06,-244.8993936,,,,,,,,
13.06026439,-248.8916417,,,,,13.06,-248.8916417,,,,,,,,
13.06026439,-252.8838897,,,,,13.06,-252.8838897,,,,,,,,
13.06026439,-256.8761378,,,,,13.06,-256.8761378,,,,,,,,
13.06026439,-260.3693548,,,,,13.06,-260.3693548,,,,,,,,
13.04024106,-264.8621861,,,,,13.04,-264.8621861,,,,,,,,
13.04024106,-268.8544342,,,,,13.04,-268.8544342,,,,,,,,
13.04024106,-272.8466822,,,,,13.04,-272.8466822,,,,,,,,
13.04024106,-276.8389303,,,,,13.04,-276.8389303,,,,,,,,
13.04024106,-280.8311783,,,,,13.04,-280.8311783,,,,,,,,
13.04024106,-284.8234264,,,,,13.04,-284.8234264,,,,,,,,
13.04024106,-288.8156745,,,,,13.04,-288.8156745,,,,,,,,
13.04024106,-292.8079225,,,,,13.04,-292.8079225,,,,,,,,
13.04024106,-295.8021086,,,,,13.04,-295.8021086,,,,,,,,
13.1403577,-204.4716732,,,,,13.14,-204.4716732,,,,,,,,
13.12033437,-208.9645044,,,,,13.12,-208.9645044,,,,,,,,
13.12033437,-212.9567525,,,,,13.12,-212.9567525,,,,,,,,
13.12033437,-216.9490006,,,,,13.12,-216.9490006,,,,,,,,
13.12033437,-220.9412486,,,,,13.12,-220.9412486,,,,,,,,
13.12033437,-224.9334967,,,,,13.12,-224.9334967,,,,,,,,
13.12033437,-227.9276827,,,,,13.12,-227.9276827,,,,,,,,
13.18040435,-184.0082975,,,,,13.18,-184.0082975,,,,,,,,
13.16038103,-189.0001597,,,,,13.16,-189.0001597,,,,,,,,
13.16038103,-192.9924078,,,,,13.16,-192.9924078,,,,,,,,
13.16038103,-196.9846559,,,,,13.16,-196.9846559,,,,,,,,
13.16038103,-200.9769039,,,,,13.16,-200.9769039,,,,,,,,
13.22045101,-166.5391078,,,,,13.22,-166.5391078,,,,,,,,
13.20042768,-171.0319391,,,,,13.2,-171.0319391,,,,,,,,
13.20042768,-175.0241871,,,,,13.2,-175.0241871,,,,,,,,
13.20042768,-179.0164352,,,,,13.2,-179.0164352,,,,,,,,
13.26049767,-150.0679802,,,,,13.26,-150.0679802,,,,,,,,
13.24047434,-155.0598424,,,,,13.24,-155.0598424,,,,,,,,
13.24047434,-159.0520905,,,,,13.24,-159.0520905,,,,,,,,
13.24047434,-163.0443386,,,,,13.24,-163.0443386,,,,,,,,
13.30054432,-136.5910386,,,,,13.3,-136.5910386,,,,,,,,
13.280521,-141.0838698,,,,,13.28,-141.0838698,,,,,,,,
13.280521,-145.0761179,,,,,13.28,-145.0761179,,,,,,,,
13.34059098,-124.61119,,,,,13.34,-124.61119,,,,,,,,
13.32056765,-129.1040212,,,,,13.32,-129.1040212,,,,,,,,
13.32056765,-133.0962693,,,,,13.32,-133.0962693,,,,,,,,
13.38063764,-112.1323104,,,,,13.38,-112.1323104,,,,,,,,
13.36061431,-117.1241727,,,,,13.36,-117.1241727,,,,,,,,
13.36061431,-121.1164207,,,,,13.36,-121.1164207,,,,,,,,
13.42068429,-106.1408339,,,,,13.42,-106.1408339,,,,,,,,
13.46073095,-96.65614037,,,,,13.46,-96.65614037,,,,,,,,
13.44070762,-101.1489716,,,,,13.44,-101.1489716,,,,,,,,
13.5007776,-85.1753228,,,,,13.5,-85.1753228,,,,,,,,
13.48075428,-89.16912305,,,,,13.48,-89.16912305,,,,,,,,
13.48075428,-93.16137112,,,,,13.48,-93.16137112,,,,,,,,
13.54082426,-80.68093933,,,,,13.54,-80.68093933,,,,,,,,
13.58087092,-72.69333882,,,,,13.58,-72.69333882,,,,,,,,
13.56084759,-77.18617008,,,,,13.56,-77.18617008,,,,,,,,
13.62091757,-64.2067073,,,,,13.62,-64.2067073,,,,,,,,
13.60089425,-69.19856957,,,,,13.6,-69.19856957,,,,,,,,
13.66096423,-58.21523081,,,,,13.66,-58.21523081,,,,,,,,
13.70101089,-52.72278533,,,,,13.701,-52.72278533,,,,,,,,
13.74105754,-44.73518482,,,,,13.741,-44.73518482,,,,,,,,
13.72103421,-49.22801608,,,,,13.721,-49.22801608,,,,,,,,
13.7811042,-40.24080136,,,,,13.781,-40.24080136,,,,,,,,
13.82115086,-34.24932487,,,,,13.821,-34.24932487,,,,,,,,
13.86119751,-28.25784839,,,,,13.861,-28.25784839,,,,,,,,
13.94129082,-22.76229852,,,,,13.941,-22.76229852,,,,,,,,
13.9212675,-26.25706777,,,,,13.921,-26.25706777,,,,,,,,
13.98133748,-18.26791505,,,,,13.981,-18.26791505,,,,,,,,
14.02138414,-14.2725626,,,,,14.021,-14.2725626,,,,,,,,
14.10147745,-8.777012731,,,,,14.101,-8.777012731,,,,,,,,
14.08145412,-12.27178198,,,,,14.081,-12.27178198,,,,,,,,
14.14152411,-4.282629269,,,,,14.141,-4.282629269,,,,,,,,
14.22161742,0.713889592,,,,,14.221,0.713889592,,,,,,,,
14.20159409,-2.28184865,,,,,14.201,-2.28184865,,,,,,,,
14.26166407,4.709242046,,,,,14.261,4.709242046,,,,,,,,
14.34175739,7.210605869,,,,,14.341,7.210605869,,,,,,,,
14.38180404,11.70498933,,,,,14.381,11.70498933,,,,,,,,
14.4685718,15.0385889,,,,,14.468,15.0385889,,,,,,,,
14.44187403,11.70964592,,,,,14.441,11.70964592,,,,,,,,
14.54199067,18.70384101,,,,,14.541,18.70384101,,,,,,,,
14.52196734,14.71004075,,,,,14.521,14.71004075,,,,,,,,
14.62208398,21.70423584,,,,,14.622,21.70423584,,,,,,,,
14.60206065,18.70849759,,,,,14.602,18.70849759,,,,,,,,
14.60206065,15.71431155,,,,,14.602,15.71431155,,,,,,,,
14.70217729,21.71044462,,,,,14.702,21.71044462,,,,,,,,
14.78227061,26.70696348,,,,,14.782,26.70696348,,,,,,,,
14.78227061,23.21374643,,,,,14.782,23.21374643,,,,,,,,
14.86236392,26.71317227,,,,,14.862,26.71317227,,,,,,,,
14.94245723,28.71550508,,,,,14.942,28.71550508,,,,,,,,
15.02255054,30.7178379,,,,,15.022,30.7178379,,,,,,,,
15.04257387,27.72520405,,,,,15.042,27.72520405,,,,,,,,
15.10264386,30.72404668,,,,,15.102,30.72404668,,,,,,,,
15.18273717,32.22734849,,,,,15.182,32.22734849,,,,,,,,
15.26283048,32.73258828,,,,,15.262,32.73258828,,,,,,,,
15.34959824,33.0720018,,,,,15.349,33.0720018,,,,,,,,
15.42301711,33.24403685,,,,,15.423,33.24403685,,,,,,,,
15.50311042,32.75121463,,,,,15.503,32.75121463,,,,,,,,
15.58320373,34.25451644,,,,,15.583,34.25451644,,,,,,,,
15.66329705,35.25878724,,,,,15.663,35.25878724,,,,,,,,
15.74339036,34.76596501,,,,,15.743,34.76596501,,,,,,,,
15.82348367,33.77411178,,,,,15.823,33.77411178,,,,,,,,
15.80346034,31.77643556,,,,,15.803,31.77643556,,,,,,,,
15.90357698,30.78613452,,,,,15.903,30.78613452,,,,,,,,
15.9836703,32.78846733,,,,,15.983,32.78846733,,,,,,,,
16.06376361,35.28983116,,,,,16.063,35.28983116,,,,,,,,
16.04374028,30.79699989,,,,,16.043,30.79699989,,,,,,,,
16.14385692,35.29603994,,,,,16.143,35.29603994,,,,,,,,
16.22395023,32.80709369,,,,,16.223,32.80709369,,,,,,,,
16.30404355,30.81717844,,,,,16.304,30.81717844,,,,,,,,
16.38413686,31.82144924,,,,,16.384,31.82144924,,,,,,,,
16.38413686,28.32823218,,,,,16.384,28.32823218,,,,,,,,
16.46423017,29.83153399,,,,,16.464,29.83153399,,,,,,,,
16.44420684,27.83385776,,,,,16.444,27.83385776,,,,,,,,
16.54432348,27.84161874,,,,,16.544,27.84161874,,,,,,,,
16.6244168,26.84976551,,,,,16.624,26.84976551,,,,,,,,
16.60439347,23.85402727,,,,,16.604,23.85402727,,,,,,,,
16.70451011,25.85791228,,,,,16.704,25.85791228,,,,,,,,
16.68448678,23.86023605,,,,,16.684,23.86023605,,,,,,,,
16.78460342,31.85249316,,,,,16.784,31.85249316,,,,,,,,
16.76458009,26.86063088,,,,,16.764,26.86063088,,,,,,,,
16.80462675,258.4141229,,,,,16.804,258.4141229,,,,,,,,
16.80462675,254.4218748,,,,,16.804,254.4218748,,,,,,,,
16.80462675,250.4296267,,,,,16.804,250.4296267,,,,,,,,
16.80462675,246.4373787,,,,,16.804,246.4373787,,,,,,,,
16.80462675,242.4451306,,,,,16.804,242.4451306,,,,,,,,
16.82465008,238.4544348,,,,,16.824,238.4544348,,,,,,,,
16.82465008,234.4621867,,,,,16.824,234.4621867,,,,,,,,
16.82465008,230.4699386,,,,,16.824,230.4699386,,,,,,,,
16.82465008,226.4776906,,,,,16.824,226.4776906,,,,,,,,
16.82465008,222.4854425,,,,,16.824,222.4854425,,,,,,,,
16.80462675,218.4916423,,,,,16.804,218.4916423,,,,,,,,
16.80462675,214.4993942,,,,,16.804,214.4993942,,,,,,,,
16.80462675,210.5071461,,,,,16.804,210.5071461,,,,,,,,
16.80462675,206.5148981,,,,,16.804,206.5148981,,,,,,,,
16.80462675,202.52265,,,,,16.804,202.52265,,,,,,,,
16.80462675,196.5342779,,,,,16.804,196.5342779,,,,,,,,
16.80462675,192.5420299,,,,,16.804,192.5420299,,,,,,,,
16.80462675,188.5497818,,,,,16.804,188.5497818,,,,,,,,
16.80462675,184.5575337,,,,,16.804,184.5575337,,,,,,,,
16.80462675,180.5652857,,,,,16.804,180.5652857,,,,,,,,
16.80462675,176.5730376,,,,,16.804,176.5730376,,,,,,,,
16.80462675,172.5807895,,,,,16.804,172.5807895,,,,,,,,
16.80462675,168.5885415,,,,,16.804,168.5885415,,,,,,,,
16.80462675,164.5962934,,,,,16.804,164.5962934,,,,,,,,
16.80462675,160.6040454,,,,,16.804,160.6040454,,,,,,,,
16.80462675,156.6117973,,,,,16.804,156.6117973,,,,,,,,
16.80462675,152.6195492,,,,,16.804,152.6195492,,,,,,,,
16.80462675,148.6273012,,,,,16.804,148.6273012,,,,,,,,
16.80462675,144.6350531,,,,,16.804,144.6350531,,,,,,,,
16.80462675,140.642805,,,,,16.804,140.642805,,,,,,,,
16.80462675,136.650557,,,,,16.804,136.650557,,,,,,,,
16.80462675,132.6583089,,,,,16.804,132.6583089,,,,,,,,
16.80462675,128.6660609,,,,,16.804,128.6660609,,,,,,,,
16.80462675,124.6738128,,,,,16.804,124.6738128,,,,,,,,
16.80462675,120.6815647,,,,,16.804,120.6815647,,,,,,,,
16.80462675,116.6893167,,,,,16.804,116.6893167,,,,,,,,
16.80462675,112.6970686,,,,,16.804,112.6970686,,,,,,,,
16.80462675,108.7048205,,,,,16.804,108.7048205,,,,,,,,
16.80462675,104.7125725,,,,,16.804,104.7125725,,,,,,,,
16.80462675,101.7183864,,,,,16.804,101.7183864,,,,,,,,
16.80462675,96.72807636,,,,,16.804,96.72807636,,,,,,,,
16.80462675,92.7358283,,,,,16.804,92.7358283,,,,,,,,
16.80462675,88.74358024,,,,,16.804,88.74358024,,,,,,,,
16.80462675,84.75133218,,,,,16.804,84.75133218,,,,,,,,
16.80462675,80.75908411,,,,,16.804,80.75908411,,,,,,,,
16.80462675,76.76683605,,,,,16.804,76.76683605,,,,,,,,
16.80462675,72.77458799,,,,,16.804,72.77458799,,,,,,,,
16.80462675,68.78233993,,,,,16.804,68.78233993,,,,,,,,
16.80462675,64.79009187,,,,,16.804,64.79009187,,,,,,,,
16.80462675,60.7978438,,,,,16.804,60.7978438,,,,,,,,
16.80462675,56.80559574,,,,,16.804,56.80559574,,,,,,,,
16.80462675,52.81334768,,,,,16.804,52.81334768,,,,,,,,
16.80462675,48.82109962,,,,,16.804,48.82109962,,,,,,,,
16.80462675,44.82885156,,,,,16.804,44.82885156,,,,,,,,
16.80462675,40.83660349,,,,,16.804,40.83660349,,,,,,,,
16.80462675,36.84435543,,,,,16.804,36.84435543,,,,,,,,
16.88472006,220.4939751,,,,,16.884,220.4939751,,,,,,,,
16.88472006,216.501727,,,,,16.884,216.501727,,,,,,,,
16.88472006,212.5094789,,,,,16.884,212.5094789,,,,,,,,
16.88472006,208.5172309,,,,,16.884,208.5172309,,,,,,,,
16.88472006,204.5249828,,,,,16.884,204.5249828,,,,,,,,
16.90474339,201.033318,,,,,16.904,201.033318,,,,,,,,
16.92476672,196.5435911,,,,,16.924,196.5435911,,,,,,,,
16.92476672,192.551343,,,,,16.924,192.551343,,,,,,,,
16.92476672,188.559095,,,,,16.924,188.559095,,,,,,,,
16.94479005,185.0674301,,,,,16.944,185.0674301,,,,,,,,
16.96481337,180.5777032,,,,,16.964,180.5777032,,,,,,,,
16.96481337,176.5854552,,,,,16.964,176.5854552,,,,,,,,
16.9848367,171.5966973,,,,,16.984,171.5966973,,,,,,,,
17.00486003,166.6079394,,,,,17.004,166.6079394,,,,,,,,
17.00486003,162.6156913,,,,,17.004,162.6156913,,,,,,,,
17.02488336,159.1240265,,,,,17.024,159.1240265,,,,,,,,
17.04490669,154.6342996,,,,,17.044,154.6342996,,,,,,,,
17.06493002,149.6455417,,,,,17.064,149.6455417,,,,,,,,
17.08495334,144.6567838,,,,,17.084,144.6567838,,,,,,,,
17.10497667,139.668026,,,,,17.104,139.668026,,,,,,,,
17.125,134.6792681,,,,,17.125,134.6792681,,,,,,,,
17.125,130.68702,,,,,17.125,130.68702,,,,,,,,
17.14502333,125.6982621,,,,,17.145,125.6982621,,,,,,,,
17.16504666,120.7095043,,,,,17.165,120.7095043,,,,,,,,
17.18506998,115.7207464,,,,,17.185,115.7207464,,,,,,,,
17.23179108,110.7340581,,,,,17.231,110.7340581,,,,,,,,
17.24513997,104.7467208,,,,,17.245,104.7467208,,,,,,,,
17.2651633,101.2550559,,,,,17.265,101.2550559,,,,,,,,
17.28518663,96.76532907,,,,,17.285,96.76532907,,,,,,,,
17.30520995,91.77657118,,,,,17.305,91.77657118,,,,,,,,
17.34525661,85.79130348,,,,,17.345,85.79130348,,,,,,,,
17.38530327,81.30312881,,,,,17.385,81.30312881,,,,,,,,
17.40532659,76.81340193,,,,,17.405,76.81340193,,,,,,,,
17.42534992,71.82464405,,,,,17.425,71.82464405,,,,,,,,
17.46539658,67.33646937,,,,,17.465,67.33646937,,,,,,,,
17.50544323,61.85023268,,,,,17.505,61.85023268,,,,,,,,
17.54548989,55.86496498,,,,,17.545,55.86496498,,,,,,,,
17.58553655,51.3767903,,,,,17.585,51.3767903,,,,,,,,
17.6255832,47.38764663,,,,,17.625,47.38764663,,,,,,,,
17.66562986,42.89947195,,,,,17.665,42.89947195,,,,,,,,
17.68565319,38.90877609,,,,,17.685,38.90877609,,,,,,,,
17.70567652,35.41711123,,,,,17.705,35.41711123,,,,,,,,
17.74572317,32.42602957,,,,,17.745,32.42602957,,,,,,,,
17.78576983,28.93591691,,,,,17.785,28.93591691,,,,,,,,
17.84583981,26.94444947,,,,,17.845,26.94444947,,,,,,,,
17.86586314,22.9537536,,,,,17.865,22.9537536,,,,,,,,
17.9059098,19.46364094,,,,,17.905,19.46364094,,,,,,,,
17.96597978,16.97314249,,,,,17.965,16.97314249,,,,,,,,
17.98600311,11.98438461,,,,,17.986,11.98438461,,,,,,,,
18.02604977,7.496209929,,,,,18.026,7.496209929,,,,,,,,
18.08611975,7.001835509,,,,,18.086,7.001835509,,,,,,,,
18.10614308,3.510170651,,,,,18.106,3.510170651,,,,,,,,
18.16621306,3.015796231,,,,,18.166,3.015796231,,,,,,,,
18.18623639,-1.97296165,,,,,18.186,-1.97296165,,,,,,,,
18.22628305,-6.461136328,,,,,18.226,-6.461136328,,,,,,,,
18.30637636,-5.955896536,,,,,18.306,-5.955896536,,,,,,,,
18.28635303,-7.953572763,,,,,18.286,-7.953572763,,,,,,,,
18.38646967,-9.941935814,,,,,18.386,-9.941935814,,,,,,,,
18.36644635,-11.93961204,,,,,18.366,-11.93961204,,,,,,,,
18.46656299,-12.43088207,,,,,18.466,-12.43088207,,,,,,,,
18.5466563,-14.91982832,,,,,18.546,-14.91982832,,,,,,,,
18.58670295,-18.40994099,,,,,18.586,-18.40994099,,,,,,,,
18.66679627,-20.39985623,,,,,18.666,-20.39985623,,,,,,,,
18.74688958,-20.89267846,,,,,18.746,-20.89267846,,,,,,,,
18.78693624,-23.3847291,,,,,18.786,-23.3847291,,,,,,,,
18.86702955,-23.37852032,,,,,18.867,-23.37852032,,,,,,,,
18.94712286,-23.87134254,,,,,18.947,-23.87134254,,,,,,,,
19.03389062,-24.86267838,,,,,19.033,-24.86267838,,,,,,,,
19.00719285,-27.85893402,,,,,19.007,-27.85893402,,,,,,,,
19.10730949,-25.85504901,,,,,19.107,-25.85504901,,,,,,,,
19.08728616,-27.85272523,,,,,19.087,-27.85272523,,,,,,,,
19.1874028,-27.84496425,,,,,19.187,-27.84496425,,,,,,,,
19.16737947,-29.84264048,,,,,19.167,-29.84264048,,,,,,,,
19.26749611,-26.84069345,,,,,19.267,-26.84069345,,,,,,,,
19.35426387,-26.50127993,,,,,19.354,-26.50127993,,,,,,,,
19.42768274,-25.83021387,,,,,19.427,-25.83021387,,,,,,,,
19.40765941,-27.8278901,,,,,19.407,-27.8278901,,,,,,,,
19.50777605,-27.32109811,,,,,19.507,-27.32109811,,,,,,,,
19.58786936,-27.81392033,,,,,19.587,-27.81392033,,,,,,,,
19.64793935,-24.8150777,,,,,19.647,-24.8150777,,,,,,,,
19.66796267,-28.30674256,,,,,19.667,-28.30674256,,,,,,,,
19.75473043,-26.47023601,,,,,19.754,-26.47023601,,,,,,,,
19.8281493,-23.80304592,,,,,19.828,-23.80304592,,,,,,,,
19.8281493,-26.79723197,,,,,19.828,-26.79723197,,,,,,,,
19.90824261,-19.80458907,,,,,19.908,-19.80458907,,,,,,,,
19.88821928,-22.80032732,,,,,19.888,-22.80032732,,,,,,,,
19.98833593,-22.29353533,,,,,19.988,-22.29353533,,,,,,,,
20.06842924,-20.29120251,,,,,20.068,-20.29120251,,,,,,,,
20.08845257,-23.78286737,,,,,20.088,-23.78286737,,,,,,,,
20.14852255,-20.78402474,,,,,20.148,-20.78402474,,,,,,,,
20.22861586,-20.77781595,,,,,20.228,-20.77781595,,,,,,,,
20.20859253,-23.7735542,,,,,20.208,-23.7735542,,,,,,,,
20.30870918,-19.77354516,,,,,20.308,-19.77354516,,,,,,,,
20.28868585,-21.77122138,,,,,20.288,-21.77122138,,,,,,,,
20.38880249,-19.26830536,,,,,20.388,-19.26830536,,,,,,,,
20.47557024,-18.42986083,,,,,20.475,-18.42986083,,,,,,,,
20.54898911,-14.76460873,,,,,20.548,-14.76460873,,,,,,,,
20.54898911,-18.75685679,,,,,20.548,-18.75685679,,,,,,,,
20.56901244,-22.74755265,,,,,20.569,-22.74755265,,,,,,,,
20.56901244,-26.73980072,,,,,20.569,-26.73980072,,,,,,,,
20.56901244,-30.73204878,,,,,20.569,-30.73204878,,,,,,,,
20.56901244,-34.72429684,,,,,20.569,-34.72429684,,,,,,,,
20.56901244,-38.7165449,,,,,20.569,-38.7165449,,,,,,,,
20.56901244,-42.70879296,,,,,20.569,-42.70879296,,,,,,,,
20.56901244,-46.70104103,,,,,20.569,-46.70104103,,,,,,,,
20.56901244,-50.69328909,,,,,20.569,-50.69328909,,,,,,,,
20.56901244,-54.68553715,,,,,20.569,-54.68553715,,,,,,,,
20.56901244,-58.67778521,,,,,20.569,-58.67778521,,,,,,,,
20.56901244,-62.67003327,,,,,20.569,-62.67003327,,,,,,,,
20.56901244,-66.66228134,,,,,20.569,-66.66228134,,,,,,,,
20.56901244,-70.6545294,,,,,20.569,-70.6545294,,,,,,,,
20.56901244,-74.64677746,,,,,20.569,-74.64677746,,,,,,,,
20.56901244,-78.63902552,,,,,20.569,-78.63902552,,,,,,,,
20.56901244,-82.63127358,,,,,20.569,-82.63127358,,,,,,,,
20.56901244,-86.62352165,,,,,20.569,-86.62352165,,,,,,,,
20.56901244,-90.61576971,,,,,20.569,-90.61576971,,,,,,,,
20.56901244,-94.60801777,,,,,20.569,-94.60801777,,,,,,,,
20.56901244,-98.60026583,,,,,20.569,-98.60026583,,,,,,,,
20.56901244,-102.5925139,,,,,20.569,-102.5925139,,,,,,,,
20.56901244,-106.584762,,,,,20.569,-106.584762,,,,,,,,
20.56901244,-110.57701,,,,,20.569,-110.57701,,,,,,,,
20.56901244,-114.5692581,,,,,20.569,-114.5692581,,,,,,,,
20.56901244,-118.5615061,,,,,20.569,-118.5615061,,,,,,,,
20.56901244,-122.5537542,,,,,20.569,-122.5537542,,,,,,,,
20.56901244,-126.5460023,,,,,20.569,-126.5460023,,,,,,,,
20.56901244,-130.5382503,,,,,20.569,-130.5382503,,,,,,,,
20.56901244,-134.5304984,,,,,20.569,-134.5304984,,,,,,,,
20.56901244,-138.5227465,,,,,20.569,-138.5227465,,,,,,,,
20.56901244,-142.5149945,,,,,20.569,-142.5149945,,,,,,,,
20.56901244,-146.5072426,,,,,20.569,-146.5072426,,,,,,,,
20.56901244,-150.4994906,,,,,20.569,-150.4994906,,,,,,,,
20.56901244,-154.4917387,,,,,20.569,-154.4917387,,,,,,,,
20.56901244,-158.4839868,,,,,20.569,-158.4839868,,,,,,,,
20.56901244,-162.4762348,,,,,20.569,-162.4762348,,,,,,,,
20.56901244,-166.4684829,,,,,20.569,-166.4684829,,,,,,,,
20.56901244,-170.4607309,,,,,20.569,-170.4607309,,,,,,,,
20.56901244,-174.452979,,,,,20.569,-174.452979,,,,,,,,
20.56901244,-178.4452271,,,,,20.569,-178.4452271,,,,,,,,
20.56901244,-182.4374751,,,,,20.569,-182.4374751,,,,,,,,
20.56901244,-186.4297232,,,,,20.569,-186.4297232,,,,,,,,
20.56901244,-190.4219713,,,,,20.569,-190.4219713,,,,,,,,
20.56901244,-194.4142193,,,,,20.569,-194.4142193,,,,,,,,
20.56901244,-198.4064674,,,,,20.569,-198.4064674,,,,,,,,
20.56901244,-202.3987154,,,,,20.569,-202.3987154,,,,,,,,
20.56901244,-206.3909635,,,,,20.569,-206.3909635,,,,,,,,
20.56901244,-210.3832116,,,,,20.569,-210.3832116,,,,,,,,
20.56901244,-214.3754596,,,,,20.569,-214.3754596,,,,,,,,
20.56901244,-218.3677077,,,,,20.569,-218.3677077,,,,,,,,
20.56901244,-222.3599558,,,,,20.569,-222.3599558,,,,,,,,
20.56901244,-226.3522038,,,,,20.569,-226.3522038,,,,,,,,
20.56901244,-230.3444519,,,,,20.569,-230.3444519,,,,,,,,
20.58903577,-235.3332098,,,,,20.589,-235.3332098,,,,,,,,
20.58903577,-239.3254578,,,,,20.589,-239.3254578,,,,,,,,
20.58903577,-243.3177059,,,,,20.589,-243.3177059,,,,,,,,
20.58903577,-247.3099539,,,,,20.589,-247.3099539,,,,,,,,
20.58903577,-251.302202,,,,,20.589,-251.302202,,,,,,,,
20.58903577,-255.2944501,,,,,20.589,-255.2944501,,,,,,,,
20.58903577,-259.2866981,,,,,20.589,-259.2866981,,,,,,,,
20.58903577,-263.2789462,,,,,20.589,-263.2789462,,,,,,,,
20.58903577,-267.2711943,,,,,20.589,-267.2711943,,,,,,,,
20.56901244,-270.2669325,,,,,20.569,-270.2669325,,,,,,,,
20.56901244,-274.2591806,,,,,20.569,-274.2591806,,,,,,,,
20.56901244,-278.2514286,,,,,20.569,-278.2514286,,,,,,,,
20.56901244,-282.2436767,,,,,20.569,-282.2436767,,,,,,,,
20.56901244,-286.2359247,,,,,20.569,-286.2359247,,,,,,,,
20.56901244,-290.2281728,,,,,20.569,-290.2281728,,,,,,,,
20.56901244,-294.2204209,,,,,20.569,-294.2204209,,,,,,,,
20.56901244,-297.2146069,,,,,20.569,-297.2146069,,,,,,,,
20.66912908,-209.3773886,,,,,20.669,-209.3773886,,,,,,,,
20.64910575,-214.3692508,,,,,20.649,-214.3692508,,,,,,,,
20.64910575,-218.3614989,,,,,20.649,-218.3614989,,,,,,,,
20.64910575,-222.353747,,,,,20.649,-222.353747,,,,,,,,
20.64910575,-226.345995,,,,,20.649,-226.345995,,,,,,,,
20.64910575,-230.3382431,,,,,20.649,-230.3382431,,,,,,,,
20.64910575,-234.3304912,,,,,20.649,-234.3304912,,,,,,,,
20.70917574,-187.9159508,,,,,20.709,-187.9159508,,,,,,,,
20.68915241,-192.4087821,,,,,20.689,-192.4087821,,,,,,,,
20.68915241,-196.4010302,,,,,20.689,-196.4010302,,,,,,,,
20.68915241,-200.3932782,,,,,20.689,-200.3932782,,,,,,,,
20.68915241,-204.3855263,,,,,20.689,-204.3855263,,,,,,,,
20.7492224,-171.4448232,,,,,20.749,-171.4448232,,,,,,,,
20.72919907,-176.4366855,,,,,20.729,-176.4366855,,,,,,,,
20.72919907,-180.4289335,,,,,20.729,-180.4289335,,,,,,,,
20.72919907,-184.4211816,,,,,20.729,-184.4211816,,,,,,,,
20.78926905,-153.4766025,,,,,20.789,-153.4766025,,,,,,,,
20.76924572,-158.4684648,,,,,20.769,-158.4684648,,,,,,,,
20.76924572,-162.4607129,,,,,20.769,-162.4607129,,,,,,,,
20.76924572,-166.4529609,,,,,20.769,-166.4529609,,,,,,,,
20.82931571,-139.5006299,,,,,20.829,-139.5006299,,,,,,,,
20.80929238,-144.4924922,,,,,20.809,-144.4924922,,,,,,,,
20.80929238,-148.4847403,,,,,20.809,-148.4847403,,,,,,,,
20.86936236,-126.0236883,,,,,20.869,-126.0236883,,,,,,,,
20.84933904,-130.5165196,,,,,20.849,-130.5165196,,,,,,,,
20.84933904,-134.5087676,,,,,20.849,-134.5087676,,,,,,,,
20.90940902,-113.5448087,,,,,20.909,-113.5448087,,,,,,,,
20.88938569,-118.536671,,,,,20.889,-118.536671,,,,,,,,
20.88938569,-122.5289191,,,,,20.889,-122.5289191,,,,,,,,
20.94945568,-107.5533322,,,,,20.949,-107.5533322,,,,,,,,
20.98950233,-98.06863871,,,,,20.989,-98.06863871,,,,,,,,
20.969479,-102.56147,,,,,20.969,-102.56147,,,,,,,,
21.03622343,-90.24686446,,,,,21.036,-90.24686446,,,,,,,,
21.00952566,-94.57386946,,,,,21.009,-94.57386946,,,,,,,,
21.06959565,-80.09731365,,,,,21.069,-80.09731365,,,,,,,,
21.04957232,-84.59014491,,,,,21.049,-84.59014491,,,,,,,,
21.1096423,-71.61068212,,,,,21.109,-71.61068212,,,,,,,,
21.08961897,-76.6025444,,,,,21.089,-76.6025444,,,,,,,,
21.14968896,-66.11823665,,,,,21.149,-66.11823665,,,,,,,,
21.18973561,-62.12288419,,,,,21.189,-62.12288419,,,,,,,,
21.22978227,-54.13528368,,,,,21.229,-54.13528368,,,,,,,,
21.20975894,-58.62811494,,,,,21.209,-58.62811494,,,,,,,,
21.26982893,-49.64090021,,,,,21.269,-49.64090021,,,,,,,,
21.30987558,-43.64942373,,,,,21.309,-43.64942373,,,,,,,,
21.34992224,-37.65794724,,,,,21.349,-37.65794724,,,,,,,,
21.43001555,-32.16239737,,,,,21.43,-32.16239737,,,,,,,,
21.40999222,-35.65716662,,,,,21.409,-35.65716662,,,,,,,,
21.47006221,-24.17479686,,,,,21.47,-24.17479686,,,,,,,,
21.45003888,-28.66762812,,,,,21.45,-28.66762812,,,,,,,,
21.51010886,-20.1794444,,,,,21.51,-20.1794444,,,,,,,,
21.55015552,-15.68506094,,,,,21.55,-15.68506094,,,,,,,,
21.63024883,-10.18951107,,,,,21.63,-10.18951107,,,,,,,,
21.61022551,-13.68428032,,,,,21.61,-13.68428032,,,,,,,,
21.67696993,-6.35998489,,,,,21.676,-6.35998489,,,,,,,,
21.7503888,-0.199577742,,,,,21.75,-0.199577742,,,,,,,,
21.73036547,-3.694346993,,,,,21.73,-3.694346993,,,,,,,,
21.79043546,3.795774712,,,,,21.79,3.795774712,,,,,,,,
21.87052877,8.293262565,,,,,21.87,8.293262565,,,,,,,,
21.85050544,4.299462307,,,,,21.85,4.299462307,,,,,,,,
21.95062208,10.29559538,,,,,21.95,10.29559538,,,,,,,,
22.0307154,16.29017626,,,,,22.03,16.29017626,,,,,,,,
22.01069207,12.296376,,,,,22.01,12.296376,,,,,,,,
22.11080871,19.29057109,,,,,22.11,19.29057109,,,,,,,,
22.09078538,16.29483285,,,,,22.09,16.29483285,,,,,,,,
22.19090202,19.29677987,,,,,22.19,19.29677987,,,,,,,,
22.27099533,23.29523672,,,,,22.27,23.29523672,,,,,,,,
22.27099533,20.30105067,,,,,22.27,20.30105067,,,,,,,,
22.35108865,25.29756953,,,,,22.351,25.29756953,,,,,,,,
22.33106532,22.30183129,,,,,22.331,22.30183129,,,,,,,,
22.43118196,26.30184033,,,,,22.431,26.30184033,,,,,,,,
22.51127527,28.30417315,,,,,22.511,28.30417315,,,,,,,,
22.59804303,29.64164868,,,,,22.598,29.64164868,,,,,,,,
22.6714619,31.80980777,,,,,22.671,31.80980777,,,,,,,,
22.75155521,31.31698554,,,,,22.751,31.31698554,,,,,,,,
22.75155521,28.3227995,,,,,22.751,28.3227995,,,,,,,,
22.83164852,31.32319433,,,,,22.831,31.32319433,,,,,,,,
22.81162519,28.32745609,,,,,22.811,28.32745609,,,,,,,,
22.91174184,35.32165117,,,,,22.911,35.32165117,,,,,,,,
22.91174184,31.82843412,,,,,22.911,31.82843412,,,,,,,,
22.99183515,32.83270492,,,,,22.991,32.83270492,,,,,,,,
23.07192846,31.84085169,,,,,23.071,31.84085169,,,,,,,,
23.15202177,31.34802946,,,,,23.152,31.34802946,,,,,,,,
23.1720451,28.35539561,,,,,23.172,28.35539561,,,,,,,,
23.23211509,31.85326926,,,,,23.232,31.85326926,,,,,,,,
23.3122084,31.36044703,,,,,23.312,31.36044703,,,,,,,,
23.3122084,28.36626099,,,,,23.312,28.36626099,,,,,,,,
23.39230171,31.36665582,,,,,23.392,31.36665582,,,,,,,,
23.39230171,28.37246977,,,,,23.392,28.37246977,,,,,,,,
23.47239502,31.3728646,,,,,23.472,31.3728646,,,,,,,,
23.47239502,28.37867855,,,,,23.472,28.37867855,,,,,,,,
23.53246501,33.37364522,,,,,23.532,33.37364522,,,,,,,,
23.55248834,29.88198036,,,,,23.552,29.88198036,,,,,,,,
23.63925609,28.05892618,,,,,23.639,28.05892618,,,,,,,,
23.7193494,29.72857166,,,,,23.719,29.72857166,,,,,,,,
23.79276827,31.39769974,,,,,23.792,31.39769974,,,,,,,,
23.83281493,28.90564909,,,,,23.832,28.90564909,,,,,,,,
23.89288491,29.40933668,,,,,23.892,29.40933668,,,,,,,,
23.89288491,26.41515064,,,,,23.892,26.41515064,,,,,,,,
